member_id,eligibility_check_dt
762,2023-09-28
542,2021-08-06
1454,2023-12-04
1222,2022-06-17
3420,2021-11-29
3176,2020-02-20
3397,2023-09-21
103,2022-05-20
3269,2020-12-01
2441,2021-01-23
1414,2022-04-18
1180,2020-12-06
3614,2020-11-21
1876,2023-09-01
1918,2021-02-16
1018,2022-11-02
3560,2020-02-22
3373,2022-01-08
3072,2022-04-21
1224,2021-05-09
322,2022-10-03
330,2022-03-31
1653,2023-10-02
2756,2023-05-21
2280,2021-09-11
706,2022-09-14
3257,2021-03-17
3053,2023-05-21
1401,2022-07-29
614,2021-02-28
1035,2021-11-15
94,2021-04-19
2944,2020-07-28
837,2023-11-13
1267,2022-08-30
1679,2022-08-29
3032,2020-02-15
2780,2022-12-10
367,2021-02-06
3157,2021-07-12
1458,2021-01-11
1334,2021-06-18
2624,2021-05-06
2731,2022-06-01
1509,2023-05-23
3330,2020-04-24
2961,2022-09-02
556,2023-06-12
1857,2023-04-23
1339,2021-06-27
2897,2021-03-23
2079,2022-04-13
3020,2020-04-08
3181,2020-02-10
95,2022-09-02
1099,2021-03-28
2105,2020-03-12
3360,2023-10-05
2858,2020-12-10
1702,2022-12-23
100,2020-01-25
2136,2023-07-06
170,2021-02-07
2374,2023-09-08
2276,2023-06-08
1833,2021-05-11
2891,2022-04-02
2283,2022-02-02
1157,2021-02-06
3151,2022-11-28
980,2020-09-18
3340,2023-02-18
3015,2021-04-21
2243,2022-04-20
80,2023-09-21
162,2023-05-06
1165,2021-10-14
1448,2023-12-29
3353,2023-02-28
2606,2022-06-15
3208,2020-11-12
2014,2022-07-08
1962,2021-06-26
41,2022-05-02
1388,2021-08-19
3008,2021-01-17
2032,2020-04-14
835,2020-09-02
46,2020-07-03
2415,2020-12-20
2474,2023-08-02
1624,2020-05-08
350,2021-03-21
2018,2022-07-01
2180,2022-01-30
813,2020-11-29
2979,2022-10-28
231,2023-02-07
454,2022-04-19
2453,2020-11-04
900,2020-02-18
1427,2023-08-11
2703,2023-05-17
726,2022-04-28
665,2023-08-25
1557,2023-01-11
2216,2023-04-28
2778,2021-05-13
2834,2023-09-28
2040,2022-08-04
2347,2021-08-22
2182,2022-05-23
1330,2024-01-12
3465,2021-06-23
617,2023-10-21
797,2023-05-08
3246,2021-04-22
394,2020-05-05
933,2021-06-13
1190,2020-03-30
701,2020-05-03
663,2022-03-21
606,2022-06-24
3470,2021-03-23
2799,2023-01-07
3302,2023-12-14
2169,2021-02-06
1451,2020-12-22
3133,2021-12-04
3250,2022-03-08
535,2023-12-12
2831,2021-07-31
3245,2020-03-17
1916,2022-08-30
1994,2022-01-04
1048,2020-05-16
2543,2022-05-04
1594,2020-07-14
352,2023-10-27
2569,2021-09-21
2711,2022-12-07
3122,2023-05-08
1691,2023-01-19
1046,2022-04-23
1238,2022-02-15
3531,2022-12-03
1478,2022-03-03
558,2020-05-31
2952,2022-06-07
2108,2023-05-06
2027,2023-12-07
1033,2021-03-31
2404,2020-06-22
1860,2021-04-18
1893,2023-01-03
1061,2021-03-20
1993,2023-04-29
2509,2020-01-21
188,2020-11-04
1168,2023-05-09
2794,2023-03-27
421,2022-11-14
387,2020-08-03
2170,2023-12-03
436,2023-03-23
1272,2023-02-04
2987,2021-09-09
3234,2021-09-02
611,2023-05-03
1508,2022-01-22
2389,2023-08-02
2680,2023-08-07
1074,2023-01-19
1036,2021-04-06
8,2021-01-17
1174,2021-03-31
2085,2022-03-09
1126,2023-01-03
552,2020-02-08
2342,2020-07-21
518,2022-04-06
547,2022-01-03
2740,2021-08-11
398,2021-11-15
3350,2022-11-06
759,2022-10-04
1738,2021-11-26
2450,2023-12-08
871,2023-11-25
2556,2024-01-14
3608,2023-02-13
2766,2020-04-14
721,2020-01-27
1966,2022-05-13
3186,2022-10-27
1198,2022-03-21
319,2020-01-18
2029,2023-04-16
2345,2021-12-14
2824,2023-06-19
3220,2022-05-01
1422,2022-06-05
1645,2020-12-03
20,2022-09-16
2391,2023-09-06
137,2021-05-07
2829,2022-05-28
791,2022-03-03
3156,2020-11-04
3259,2022-06-30
2909,2023-12-19
99,2023-03-15
2787,2020-08-16
3021,2020-01-28
2359,2023-07-19
1761,2023-04-11
7,2022-11-30
1651,2023-02-17
750,2023-01-11
2552,2022-11-02
782,2023-02-21
172,2022-08-29
2109,2023-05-05
4,2022-06-21
633,2021-02-08
1231,2020-05-07
2864,2022-03-28
3332,2023-12-28
1580,2020-12-27
369,2020-10-08
109,2023-09-12
3279,2022-06-25
182,2022-10-16
1760,2020-06-02
1596,2020-11-16
858,2022-07-02
1449,2022-06-01
637,2022-04-26
211,2022-08-10
564,2022-09-12
1643,2021-07-29
1071,2022-10-30
1907,2020-11-08
3111,2021-05-24
1866,2023-01-16
14,2023-04-17
365,2020-12-14
2120,2022-10-22
3140,2023-07-23
1396,2021-03-15
873,2020-05-14
1662,2020-04-21
3219,2022-12-22
204,2023-07-28
995,2022-09-30
830,2022-05-11
519,2023-11-29
1207,2020-10-26
2186,2023-08-29
2661,2023-06-18
220,2020-10-03
3070,2020-11-26
255,2022-04-08
1882,2023-12-02
2422,2021-03-12
281,2023-05-18
997,2022-07-29
2628,2021-01-30
1081,2021-03-23
3052,2020-10-04
667,2022-01-31
269,2021-08-02
2734,2022-12-16
124,2021-07-20
1031,2020-03-04
985,2020-10-21
3286,2020-08-18
2967,2023-06-21
2052,2021-11-19
1433,2020-11-25
840,2023-08-17
1143,2022-12-10
1552,2022-01-04
2510,2022-02-19
2683,2020-09-24
1178,2021-12-10
3523,2022-08-02
631,2021-11-03
2962,2022-05-22
2887,2020-06-10
1090,2023-09-19
3201,2022-07-22
1947,2024-01-08
2249,2021-01-02
1609,2021-11-01
1525,2022-09-07
256,2020-05-12
3294,2022-03-14
443,2022-11-14
3376,2021-08-19
2595,2022-10-07
1564,2020-07-08
3596,2021-01-12
757,2022-06-03
2515,2020-09-13
127,2021-11-28
2678,2022-06-25
1858,2021-03-24
3248,2021-09-26
1874,2020-01-28
1871,2020-11-13
1495,2023-05-15
3535,2023-05-21
2341,2024-01-02
1039,2023-10-09
76,2021-12-10
465,2023-02-15
1352,2021-01-15
1853,2021-12-29
2884,2023-07-01
2178,2023-04-18
189,2022-03-30
3507,2021-12-23
2318,2023-01-13
90,2022-07-24
3473,2020-07-19
3481,2020-06-06
298,2021-10-16
2423,2022-04-15
1920,2020-02-02
73,2020-08-09
3106,2023-03-12
3128,2020-04-12
2096,2023-09-15
2633,2021-12-21
360,2021-07-01
1027,2023-12-21
3392,2020-04-01
3310,2022-07-18
3378,2023-09-15
914,2020-04-21
302,2023-04-24
974,2020-11-29
1037,2023-09-16
2516,2021-04-26
1350,2023-05-28
2765,2021-10-23
2980,2020-03-04
1504,2021-04-28
1959,2020-12-24
2210,2022-09-11
944,2021-12-13
3600,2022-02-17
1150,2020-08-13
2275,2020-05-25
3482,2022-01-01
780,2022-08-13
2207,2023-02-21
1428,2023-05-09
3365,2021-12-26
2820,2023-06-16
2663,2020-10-22
2882,2021-08-08
3045,2021-07-19
2724,2021-03-24
1447,2023-05-12
2853,2023-02-15
2636,2021-10-30
2784,2022-02-07
3146,2021-07-12
1654,2021-04-22
1903,2021-10-15
2158,2021-11-06
1958,2020-03-02
1242,2023-06-09
3276,2020-08-29
1467,2021-10-15
1386,2023-09-21
1464,2020-08-25
1146,2020-10-25
206,2022-01-08
3634,2021-03-31
1588,2020-10-27
1011,2020-09-02
2793,2020-09-13
1811,2020-10-29
2174,2020-03-05
332,2021-03-30
1904,2020-12-06
536,2020-04-10
589,2021-01-09
959,2020-03-15
2055,2022-07-03
896,2022-07-26
3339,2022-05-28
2894,2020-04-15
1818,2023-10-22
1824,2022-10-08
292,2023-08-19
2753,2022-05-07
29,2023-03-11
3262,2023-07-26
13,2022-02-10
1052,2022-09-28
1387,2022-09-30
805,2023-01-18
749,2020-04-09
268,2021-03-08
3341,2021-04-10
1343,2022-12-17
2590,2023-12-08
2384,2021-02-05
2016,2022-07-24
1282,2023-05-15
1233,2021-12-17
166,2022-04-06
2228,2022-01-25
1133,2023-05-19
5,2021-02-17
2476,2021-03-25
482,2022-04-17
541,2020-12-12
1202,2020-04-20
1735,2020-03-30
488,2022-08-17
331,2023-04-08
772,2023-12-17
662,2022-09-30
2976,2023-01-27
2743,2023-09-08
3536,2021-12-10
3187,2020-04-16
526,2021-08-20
2758,2020-10-03
1849,2021-04-19
2304,2020-10-21
1806,2023-05-25
1567,2022-03-02
2785,2022-08-09
2001,2020-12-02
2481,2023-08-29
2449,2020-04-02
703,2020-07-02
2801,2021-10-15
1914,2021-12-15
3635,2020-04-07
1989,2021-06-25
1141,2022-08-09
2803,2022-07-25
2779,2023-09-18
496,2020-01-25
3385,2020-11-06
3142,2022-07-12
1292,2023-06-24
947,2022-12-18
710,2022-07-27
225,2020-01-26
1728,2023-12-02
1945,2020-07-30
108,2022-09-02
1051,2021-07-31
1627,2021-10-08
3520,2020-02-26
2634,2020-03-02
582,2020-01-19
2749,2020-07-16
1912,2020-07-22
1221,2022-10-16
1755,2020-08-06
2455,2021-12-01
798,2020-04-30
495,2023-12-20
383,2022-02-16
2539,2021-02-03
3240,2022-01-23
84,2021-03-02
1942,2020-11-07
987,2022-08-06
3499,2020-06-23
2714,2023-12-30
3399,2023-11-09
1248,2021-05-02
720,2021-09-01
3282,2022-03-28
1409,2023-08-11
111,2020-04-15
2473,2020-08-24
561,2021-11-20
3054,2021-04-14
2992,2021-08-02
1585,2023-06-01
2130,2021-08-24
404,2022-10-25
3253,2020-04-15
679,2020-10-27
3094,2021-07-30
1847,2022-08-18
417,2022-07-11
263,2022-10-22
1670,2020-02-14
306,2022-09-16
1197,2023-03-10
400,2020-07-19
800,2021-07-28
202,2023-09-18
3042,2020-05-15
954,2021-03-17
1172,2023-04-13
2393,2020-12-28
2722,2022-06-04
1892,2023-01-11
1404,2023-11-23
59,2020-07-15
1065,2022-04-12
894,2022-04-22
463,2021-11-14
575,2023-05-16
51,2022-06-27
2254,2020-12-05
2521,2023-09-09
307,2022-04-12
3182,2020-01-23
66,2021-01-03
3595,2022-12-07
3568,2022-07-14
196,2020-08-17
3624,2020-04-05
2448,2023-09-29
1908,2021-12-09
1413,2022-03-26
2838,2023-10-31
3576,2020-07-05
1826,2021-05-20
2425,2022-07-02
2484,2023-03-03
2464,2022-04-08
1704,2022-06-27
2074,2020-02-02
1136,2023-06-12
3419,2020-10-15
2241,2023-08-30
2732,2023-03-11
2426,2021-05-18
2886,2021-04-19
814,2020-08-25
474,2023-05-18
3357,2023-02-14
3593,2024-01-17
1638,2021-12-06
2776,2020-04-19
2547,2022-12-13
2086,2022-08-26
408,2021-05-16
138,2021-02-04
1317,2021-08-28
651,2022-04-08
1927,2021-01-24
1837,2023-12-18
517,2023-08-05
1992,2022-07-03
221,2021-12-16
2744,2022-02-20
3017,2022-07-22
1730,2020-07-02
1926,2023-10-15
1932,2022-02-02
2993,2023-03-11
1335,2023-10-22
1218,2021-07-11
1331,2022-04-21
283,2023-03-04
1075,2023-08-09
1021,2021-09-24
1353,2021-04-07
803,2021-10-05
1852,2021-04-20
1013,2022-08-11
1910,2020-03-25
1578,2021-02-23
2929,2021-07-23
2922,2022-06-20
416,2022-01-04
2457,2020-08-05
1550,2020-01-28
855,2023-04-09
3060,2023-03-11
1022,2023-08-07
545,2021-06-30
2907,2021-08-26
2444,2021-01-22
1686,2021-02-22
3468,2021-08-07
1649,2023-02-07
1788,2020-06-14
3533,2022-07-17
1526,2022-12-24
2127,2020-07-07
1079,2022-03-12
1545,2021-02-25
2125,2021-12-14
181,2022-12-22
930,2022-05-18
875,2020-08-14
1688,2021-06-18
2176,2021-08-23
112,2020-12-16
1514,2020-09-26
134,2021-11-13
3263,2023-09-03
528,2023-10-27
725,2020-02-12
2114,2023-01-02
290,2021-08-07
1142,2022-06-26
1264,2022-10-15
2102,2021-04-26
1468,2020-09-05
1220,2020-09-08
2748,2020-08-15
773,2023-07-13
441,2022-08-17
42,2021-08-18
2513,2022-01-01
2358,2023-10-16
3026,2023-09-04
2570,2022-11-05
1541,2020-03-04
593,2023-09-06
2957,2020-11-06
336,2021-05-22
368,2021-11-01
3096,2023-09-29
2269,2022-02-27
3390,2023-11-30
1306,2021-03-29
1664,2020-01-31
989,2020-08-14
877,2021-12-22
1163,2022-11-25
934,2023-12-26
2272,2023-04-24
1948,2021-05-14
232,2021-06-30
315,2021-11-18
2908,2020-05-29
341,2021-08-03
910,2022-06-26
1420,2023-07-04
384,2020-02-08
2975,2021-11-05
2106,2024-01-17
2660,2023-03-01
1228,2020-05-28
2010,2021-09-22
587,2020-12-20
3487,2022-02-13
1834,2022-09-27
435,2022-06-16
1505,2022-06-28
1121,2021-10-17
2351,2022-12-29
1689,2022-08-03
1237,2023-05-07
1482,2022-05-21
1476,2022-02-25
1674,2022-06-08
2746,2023-09-30
1007,2021-09-11
1673,2023-03-26
3380,2021-08-18
2131,2023-08-18
1934,2021-06-23
1886,2023-12-17
1490,2022-07-31
645,2023-04-14
347,2020-01-25
397,2023-04-22
1553,2021-08-20
583,2023-02-28
2877,2021-06-12
1274,2020-02-18
2604,2020-05-17
1773,2024-01-14
3554,2023-03-06
491,2020-12-03
3076,2021-01-10
3287,2020-10-17
1608,2022-11-05
599,2021-05-23
3284,2023-01-28
1978,2022-01-29
1897,2021-08-22
1650,2022-04-03
193,2022-01-20
1005,2021-09-06
1216,2020-02-14
711,2020-10-06
1101,2021-05-28
2949,2023-05-14
522,2022-09-23
2647,2021-06-21
1177,2021-12-11
3319,2023-03-10
1612,2021-12-02
847,2020-05-26
601,2022-10-09
727,2023-05-23
440,2022-11-11
1106,2021-09-26
2301,2024-01-17
88,2020-10-02
2622,2020-04-10
942,2020-09-29
3112,2021-04-26
856,2023-12-09
2942,2022-01-08
395,2021-10-26
3215,2023-01-19
3355,2020-07-24
3488,2020-09-16
672,2020-07-30
809,2023-08-02
2227,2021-07-30
11,2021-01-05
1660,2023-02-03
2244,2024-01-13
3599,2020-02-29
2699,2022-05-19
1736,2022-07-19
461,2021-11-01
158,2021-10-06
249,2022-06-29
1815,2022-02-16
758,2023-01-21
2733,2021-11-09
2054,2021-12-08
1164,2021-06-07
570,2022-05-18
1041,2024-01-11
2580,2022-03-08
2814,2021-05-10
1434,2020-08-28
1364,2021-09-14
2872,2022-12-06
1935,2022-08-13
229,2020-11-22
3278,2023-12-27
2973,2020-01-18
1066,2021-03-07
1952,2022-05-30
1337,2021-12-23
2712,2020-10-06
2802,2022-07-17
1759,2022-04-09
1671,2023-02-12
2291,2020-03-09
2610,2022-08-02
624,2020-06-22
774,2023-09-01
3321,2022-05-08
922,2021-07-05
1217,2021-03-10
2475,2022-08-28
1748,2023-10-25
2847,2022-10-05
2321,2022-06-26
1083,2021-05-15
1805,2022-05-03
1410,2023-07-03
3247,2022-11-28
1521,2020-11-03
2165,2022-11-17
2089,2023-08-21
1669,2021-07-17
2955,2020-01-22
3335,2024-01-11
3504,2020-05-14
1954,2020-06-11
1491,2023-02-06
1418,2023-10-14
596,2022-10-22
300,2022-03-09
2373,2022-10-23
487,2023-10-22
2006,2023-03-06
903,2023-10-24
3331,2023-10-10
2574,2022-05-25
3338,2020-06-30
2452,2023-09-09
1632,2021-05-03
578,2022-01-12
2477,2022-01-28
2133,2023-09-19
966,2022-08-09
1129,2022-02-28
2900,2023-01-22
1436,2020-06-28
2544,2020-08-07
2153,2021-08-17
3358,2020-02-11
3387,2020-08-25
3283,2020-06-15
2718,2021-10-18
969,2023-03-19
3394,2020-09-16
1336,2023-12-07
976,2022-07-06
2932,2022-11-07
3480,2021-05-09
2786,2024-01-05
2674,2020-06-10
1497,2021-09-29
2097,2023-06-24
2483,2021-06-30
3006,2022-11-22
2065,2020-01-23
228,2021-11-17
548,2021-01-15
958,2020-04-01
1560,2020-02-29
3179,2020-11-29
274,2021-11-13
1733,2021-08-10
559,2021-12-09
3418,2022-06-17
2046,2020-09-10
1269,2023-10-05
1863,2023-10-22
1088,2020-05-24
3067,2022-06-20
1782,2021-09-27
3167,2023-03-10
3513,2022-08-12
2047,2021-02-25
1256,2020-04-04
2842,2022-08-14
1546,2021-09-04
2438,2023-07-20
3372,2023-01-01
2357,2023-10-13
785,2021-03-05
826,2020-02-07
1724,2021-03-13
1078,2021-07-21
433,2021-08-20
937,2021-02-08
1457,2022-12-13
2480,2023-03-27
2704,2021-01-18
2671,2021-07-26
899,2021-12-20
293,2021-05-04
2300,2023-01-16
881,2023-10-23
1565,2023-09-21
3004,2023-10-19
1042,2020-05-09
147,2023-10-27
2319,2020-09-28
3455,2020-04-26
2314,2021-06-24
1104,2020-07-06
1661,2022-07-10
2939,2021-07-02
173,2020-03-08
1604,2023-03-31
471,2022-02-14
2039,2022-06-06
3347,2022-11-23
2527,2021-01-27
1405,2023-01-10
3184,2021-03-20
205,2022-11-26
775,2022-10-21
3379,2022-06-23
2689,2023-12-17
1453,2021-07-30
18,2020-02-02
817,2021-08-14
1040,2023-07-20
3412,2022-03-18
3517,2021-06-04
603,2020-09-12
3637,2020-08-07
2297,2022-02-22
2827,2021-10-20
45,2023-06-06
305,2023-06-28
731,2020-11-30
2103,2021-12-12
458,2021-10-07
2859,2023-04-12
792,2023-03-28
2385,2023-11-05
2381,2022-11-24
428,2023-10-17
1045,2020-12-19
3410,2020-10-16
3129,2021-01-18
550,2020-02-02
1302,2021-09-02
1392,2021-09-30
1239,2021-08-03
219,2021-07-09
1721,2021-07-02
3307,2021-05-20
2725,2023-02-19
2410,2021-11-14
3092,2022-05-13
577,2020-07-05
439,2023-06-01
2986,2022-01-02
3306,2023-05-06
1105,2020-06-12
1855,2021-02-26
2806,2023-06-05
946,2021-12-12
446,2022-08-21
2375,2023-06-29
1901,2020-08-24
3165,2023-05-07
628,2023-05-21
2036,2024-01-05
342,2022-03-10
2565,2021-10-28
1533,2021-10-22
778,2023-01-02
2009,2022-06-28
1249,2021-03-23
2324,2022-10-27
500,2021-10-05
257,2020-12-18
304,2023-04-19
1883,2020-03-30
1538,2021-02-21
932,2023-12-30
676,2021-01-07
1659,2022-08-09
261,2020-03-16
928,2021-03-20
585,2021-11-16
1527,2020-03-15
793,2020-06-06
991,2023-08-16
1537,2020-02-07
2599,2020-03-22
956,2023-09-04
2697,2020-12-05
1894,2021-05-06
242,2023-05-25
2985,2021-07-23
2191,2022-10-12
2431,2023-08-16
2041,2022-09-05
2867,2020-05-20
2251,2023-01-18
574,2023-03-01
2592,2022-03-05
3461,2023-01-20
195,2023-06-23
994,2020-05-03
1271,2020-09-01
1170,2023-01-07
1240,2022-01-14
2912,2021-02-08
2889,2021-11-10
2710,2021-09-04
423,2023-07-15
1792,2023-03-26
3451,2022-05-14
1698,2021-03-28
3143,2022-12-24
2361,2023-10-16
3218,2021-07-17
2369,2022-12-31
2017,2022-07-05
82,2023-08-24
152,2023-11-11
3630,2022-08-13
1072,2022-10-03
1145,2020-03-15
2250,2022-05-24
714,2022-04-25
2232,2023-09-26
2049,2023-03-31
590,2022-06-01
55,2021-08-15
1960,2020-05-06
139,2022-07-17
1885,2023-09-10
1209,2023-08-06
1029,2023-11-14
1345,2020-06-24
3638,2020-07-22
926,2023-08-14
907,2023-05-28
1697,2020-10-25
2183,2020-10-18
2124,2020-05-20
2906,2020-01-22
3629,2022-12-19
682,2022-01-23
2020,2023-07-09
1144,2020-08-29
686,2020-08-31
251,2020-12-03
1460,2022-12-15
2640,2023-03-24
1547,2022-02-13
3543,2023-12-12
897,2022-06-10
472,2021-01-04
927,2023-01-05
3034,2020-06-15
2816,2022-12-17
3125,2021-01-05
2230,2024-01-11
3098,2021-02-21
537,2023-01-22
1132,2022-05-03
588,2021-06-05
3538,2021-05-24
187,2020-09-14
2666,2023-04-29
1403,2023-05-28
867,2023-06-01
752,2020-09-06
3464,2020-08-25
1726,2022-02-16
1963,2023-08-09
784,2023-05-16
3081,2022-03-27
1611,2022-08-11
3131,2022-05-19
1360,2022-10-07
48,2023-11-14
3384,2021-10-14
2205,2023-02-07
3118,2020-09-16
1469,2023-05-07
510,2023-03-09
1816,2020-05-27
2684,2023-04-10
2298,2021-03-30
2641,2023-07-15
1767,2022-05-29
580,2022-08-03
3598,2022-09-05
2116,2022-02-15
2458,2021-12-15
2579,2022-11-08
429,2023-09-21
35,2020-05-04
708,2020-07-22
1127,2021-02-05
371,2022-12-13
486,2023-05-29
2400,2023-09-09
1827,2022-11-18
572,2020-08-14
600,2022-03-25
2226,2023-10-28
234,2023-03-29
2436,2020-10-21
2994,2021-09-15
2122,2023-09-16
2299,2021-05-30
3564,2023-04-20
1556,2022-05-24
608,2022-11-28
636,2021-05-17
2460,2022-07-17
2720,2023-09-04
1329,2023-08-13
1400,2020-11-14
534,2023-06-21
644,2021-09-02
3074,2023-01-05
1196,2022-08-31
121,2021-08-25
621,2021-02-04
1951,2020-06-21
2737,2023-07-09
2692,2020-11-08
2307,2023-02-01
1991,2021-01-31
1115,2022-02-24
1003,2021-06-05
1323,2021-06-12
3178,2021-11-14
3549,2023-06-29
689,2023-11-21
1300,2022-02-27
1374,2022-10-31
2071,2021-01-30
3035,2020-07-15
2184,2022-01-12
1685,2022-02-01
1848,2021-05-09
1931,2022-03-08
2940,2020-10-12
3275,2021-08-09
2735,2022-04-21
3103,2021-01-26
178,2022-01-16
1709,2022-08-24
1160,2023-10-20
1797,2023-12-11
554,2023-10-24
2808,2020-11-18
2417,2022-03-30
286,2021-05-28
2605,2022-05-05
1626,2020-08-29
92,2021-02-12
2531,2022-01-31
3502,2021-01-06
2100,2022-05-12
2075,2023-05-28
2379,2023-10-23
2602,2023-06-28
919,2022-04-24
1308,2022-05-27
1675,2020-11-16
1589,2023-09-21
2561,2021-08-28
1044,2023-03-14
3033,2021-11-12
1563,2023-06-12
3225,2023-08-11
694,2022-01-20
2195,2023-07-26
2430,2023-06-30
276,2023-01-14
2532,2022-06-08
3175,2021-12-11
3541,2020-08-09
2901,2023-01-14
2821,2022-11-08
1930,2020-08-04
2439,2020-09-09
3202,2021-01-08
960,2023-05-05
2462,2021-07-19
3408,2023-10-24
730,2020-10-06
237,2022-06-08
1809,2023-07-30
1009,2023-01-21
1536,2023-11-19
2656,2021-12-25
271,2023-07-02
222,2020-10-10
2923,2023-04-18
3119,2022-08-18
2520,2022-11-21
1273,2021-01-05
886,2021-08-04
3559,2022-05-23
1195,2023-08-11
1925,2021-04-23
3120,2021-07-05
1139,2022-07-18
1551,2022-07-30
2264,2023-04-09
1399,2023-01-16
2246,2020-05-25
3059,2020-05-14
104,2021-01-19
1737,2023-05-07
2491,2022-08-03
684,2022-02-07
2968,2020-04-11
3164,2023-07-06
3617,2021-04-17
1778,2023-10-04
2118,2020-11-23
3005,2022-08-16
3217,2023-12-11
1397,2022-05-15
33,2020-12-31
200,2020-10-14
2294,2020-04-06
3626,2022-05-10
2337,2022-09-05
303,2020-08-15
40,2022-05-27
3273,2021-12-07
3508,2020-12-17
3228,2020-08-03
135,2021-08-06
680,2020-04-04
2518,2023-10-11
2581,2020-11-26
155,2020-04-27
481,2023-10-17
366,2020-09-19
734,2020-02-28
2031,2021-01-15
1851,2020-04-26
1520,2020-01-18
1152,2022-06-02
955,2021-11-30
1648,2021-11-13
288,2022-10-16
3530,2021-01-08
2782,2020-03-23
1017,2022-08-24
502,2020-07-26
120,2021-04-09
3189,2022-08-25
2948,2022-06-30
786,2023-01-11
1917,2023-02-21
2129,2020-08-06
562,2020-03-13
2586,2022-04-30
2194,2022-10-18
509,2022-01-16
2168,2020-07-18
2936,2021-02-08
2856,2020-08-20
2790,2021-12-03
2175,2021-09-14
2773,2023-07-30
1717,2020-05-24
794,2022-06-06
1817,2021-10-19
2643,2020-12-02
1380,2023-05-22
1098,2023-01-29
2353,2022-07-27
3320,2020-05-30
2760,2022-08-23
83,2022-11-29
2874,2022-03-05
3364,2023-04-18
2237,2021-06-11
3300,2022-06-05
1381,2023-07-27
1297,2020-02-20
2621,2021-10-31
2690,2024-01-05
841,2021-03-29
2851,2023-01-22
1987,2022-12-03
765,2020-03-14
2463,2023-07-03
544,2020-11-01
478,2022-09-10
2927,2021-04-15
3445,2020-03-14
655,2020-02-28
284,2023-07-22
2224,2022-07-30
2285,2023-06-10
1294,2022-09-30
2687,2021-04-22
982,2023-08-20
2247,2020-09-30
1154,2022-01-20
1340,2020-12-31
675,2022-04-23
469,2023-10-13
430,2023-03-09
1745,2022-12-27
1597,2020-02-20
917,2023-01-09
167,2024-01-12
1012,2020-08-22
1784,2022-02-15
1711,2023-05-11
477,2023-02-07
1549,2020-09-13
2218,2020-09-27
2382,2022-06-24
1179,2021-07-05
57,2022-03-21
1593,2020-08-11
209,2022-07-11
3041,2020-07-01
1900,2022-10-07
426,2021-04-09
1750,2020-10-23
557,2024-01-15
1266,2023-02-04
2265,2022-07-30
3640,2023-03-15
2501,2023-05-10
493,2020-07-25
962,2020-03-04
1442,2023-09-17
3493,2020-06-26
988,2023-10-01
2863,2023-05-29
2348,2022-06-13
3087,2021-07-03
1749,2021-06-10
3153,2020-04-30
3078,2021-09-12
2607,2022-07-24
3214,2022-04-12
1988,2023-04-12
1001,2022-09-08
3291,2020-04-22
337,2022-04-07
1795,2021-12-06
2060,2021-06-28
2057,2022-12-15
560,2023-12-09
818,2022-07-28
391,2020-11-20
738,2021-01-14
2910,2021-08-04
1069,2023-12-02
938,2020-06-01
3100,2020-05-23
3209,2021-10-10
3290,2023-12-21
2583,2020-08-18
2456,2020-06-16
258,2023-04-09
1642,2023-09-16
3011,2022-06-20
217,2022-08-25
2723,2020-03-08
3158,2021-12-09
511,2021-11-07
1010,2022-01-25
1411,2023-06-09
527,2021-05-24
2163,2022-03-20
133,2022-06-15
415,2021-11-07
36,2021-08-29
2000,2020-09-10
65,2023-07-19
1283,2020-07-12
2762,2023-05-19
639,2023-03-29
1967,2023-10-12
1225,2024-01-16
1219,2023-03-03
1579,2021-03-29
789,2022-05-10
1378,2021-10-18
2865,2023-11-14
768,2023-07-07
3449,2023-04-28
2529,2023-10-20
1864,2023-03-29
1774,2021-12-02
1109,2020-12-13
2812,2020-01-23
2069,2023-10-02
912,2023-08-11
192,2022-12-26
1957,2022-05-09
3632,2023-01-30
2315,2020-07-15
1823,2023-09-15
2344,2023-07-08
3368,2023-02-28
3636,2023-11-03
1919,2023-05-14
453,2023-07-10
1235,2020-05-09
197,2020-03-27
3298,2021-07-28
3443,2021-12-14
460,2021-02-21
3190,2020-08-15
681,2022-01-20
1777,2022-12-17
419,2022-03-02
1534,2023-03-17
362,2023-12-09
1622,2020-05-20
2140,2023-08-07
935,2020-03-04
3382,2021-11-26
3227,2021-12-18
2397,2021-07-15
125,2021-01-24
2388,2023-03-19
2933,2023-12-12
339,2021-03-21
925,2023-06-07
2112,2021-06-28
2498,2022-10-25
504,2023-06-24
2943,2021-06-09
447,2023-12-25
3044,2022-07-30
1678,2022-06-01
2504,2021-11-21
2349,2021-08-03
2362,2023-10-20
2296,2020-08-19
2496,2022-12-06
936,2021-05-24
2166,2023-09-23
3082,2022-05-26
1354,2020-10-23
1416,2020-09-05
2339,2022-04-22
1189,2022-08-11
218,2020-08-28
3264,2023-08-02
2991,2023-12-17
1393,2021-10-11
3370,2022-04-19
878,2022-02-02
1247,2021-05-18
2350,2022-10-25
1731,2022-01-16
2905,2022-05-26
2791,2021-12-12
2953,2020-10-25
737,2020-10-06
3149,2022-01-08
1382,2022-11-07
736,2022-07-04
2098,2023-11-27
1543,2022-01-28
712,2021-10-31
661,2022-05-29
2696,2023-11-30
1503,2020-05-30
289,2021-04-25
1358,2022-07-29
1637,2020-05-13
2028,2023-03-19
2804,2023-10-08
227,2023-07-27
761,2022-07-14
2554,2022-08-08
515,2022-12-02
2317,2021-09-17
1295,2021-03-27
1829,2021-01-12
3453,2021-05-04
3293,2021-11-18
3436,2023-10-21
2332,2020-02-29
105,2021-12-20
3503,2023-04-03
2171,2020-10-05
769,2022-02-20
2876,2022-02-23
2099,2023-11-19
3571,2020-03-06
1489,2023-11-25
3244,2021-10-04
1455,2022-03-20
1502,2021-10-31
1803,2023-09-03
3579,2022-02-06
3308,2020-03-25
402,2022-11-17
3172,2023-08-01
850,2022-02-16
3002,2023-02-03
2866,2021-12-22
3425,2023-02-24
1365,2022-08-16
2352,2021-09-19
1961,2021-05-17
2482,2020-09-09
1725,2021-08-01
1699,2022-10-21
2030,2023-08-08
579,2023-01-29
693,2020-07-19
2742,2022-06-11
131,2023-02-01
1625,2021-10-21
2540,2020-03-22
656,2022-02-15
445,2023-06-10
1729,2023-04-27
1118,2023-12-12
1658,2022-01-10
1229,2020-07-23
2883,2023-10-21
3586,2020-03-13
2331,2024-01-10
3567,2020-12-03
2239,2020-06-05
591,2022-05-20
859,2023-12-08
479,2021-09-26
1082,2022-12-21
2797,2022-02-13
3297,2023-11-18
609,2020-05-20
349,2020-09-01
2025,2023-02-10
2648,2021-04-24
3139,2021-12-09
613,2023-09-07
2023,2020-09-28
3386,2020-03-04
573,2023-05-02
3337,2022-08-20
744,2021-11-11
704,2021-08-03
183,2022-10-22
1615,2023-07-30
243,2022-07-17
3402,2022-01-08
1395,2020-04-19
3362,2021-02-26
1555,2021-08-12
654,2023-09-08
149,2021-12-29
709,2023-05-09
2815,2021-06-27
24,2021-06-13
1265,2023-06-16
1286,2023-11-01
2514,2022-01-23
1437,2021-08-15
920,2023-08-07
2650,2020-09-30
2396,2023-01-09
2990,2020-09-23
3526,2020-09-19
3639,2020-05-09
1996,2021-01-29
2585,2021-05-26
3277,2023-07-26
2472,2022-05-30
1676,2022-09-12
1510,2020-07-05
1261,2020-02-13
1830,2021-02-11
3518,2023-11-19
713,2022-11-02
1444,2022-11-20
646,2021-09-01
3556,2022-04-05
22,2023-11-25
1923,2020-06-22
2063,2022-07-31
616,2023-07-12
671,2022-02-26
3238,2020-09-13
3483,2020-02-22
3252,2021-10-30
901,2022-06-14
1838,2023-04-05
2271,2020-06-24
2411,2023-08-06
986,2022-07-01
3193,2023-12-16
2419,2022-11-11
2147,2022-02-28
207,2022-01-21
3435,2021-05-27
31,2020-06-25
259,2021-06-21
2598,2022-01-05
1227,2021-05-19
2378,2022-08-29
2533,2020-09-10
174,2021-09-29
1968,2021-10-12
1766,2020-04-27
3064,2021-07-11
1194,2020-02-24
860,2020-08-26
2705,2021-12-15
2212,2023-02-07
444,2022-07-17
1820,2020-02-19
808,2022-03-04
1946,2020-12-24
1779,2023-09-23
1016,2020-07-08
1790,2021-11-27
3475,2020-12-29
1148,2023-11-02
494,2022-03-14
3317,2020-06-30
2642,2020-02-10
1002,2021-06-28
2919,2023-03-25
3154,2023-07-27
2617,2022-06-19
3469,2022-12-11
973,2022-08-16
1309,2023-07-20
333,2021-05-12
1226,2021-08-06
1211,2023-02-01
442,2020-07-09
1614,2022-10-25
3066,2021-04-01
690,2023-10-20
764,2023-06-12
1922,2022-01-16
3147,2021-09-29
3049,2020-11-07
3444,2020-03-26
2214,2020-10-17
2843,2022-09-02
1298,2021-05-10
17,2022-06-01
1929,2023-10-17
3336,2021-04-26
641,2023-08-04
3522,2022-05-09
2044,2023-02-28
2608,2022-01-01
1166,2020-06-01
2645,2021-03-17
1605,2023-06-11
2745,2021-10-23
2553,2020-07-11
2416,2020-05-30
1187,2021-03-24
2597,2021-04-16
2490,2021-11-27
615,2020-12-01
1499,2021-04-30
2536,2022-10-04
2151,2020-03-06
2577,2023-06-24
422,2021-09-25
3180,2020-06-11
3589,2020-12-05
2329,2023-03-17
918,2022-12-08
586,2020-07-06
1722,2023-03-28
3170,2020-06-08
3226,2023-12-13
3326,2021-12-24
77,2022-09-17
191,2020-07-20
1861,2020-08-15
719,2022-04-30
998,2023-11-19
2033,2023-12-12
2630,2020-06-01
2167,2023-07-25
2038,2022-05-14
1898,2022-10-27
2,2020-12-22
1356,2022-12-25
1408,2023-04-26
640,2020-02-17
376,2020-02-18
3311,2021-03-17
1507,2021-07-21
3001,2021-10-04
3233,2023-08-21
3428,2021-12-29
3000,2020-08-23
746,2023-09-02
3114,2022-10-16
3229,2022-08-31
1431,2022-05-27
643,2020-02-05
1385,2021-01-27
190,2021-12-24
1516,2023-04-12
3351,2022-07-08
2559,2020-02-15
3068,2021-02-01
1123,2021-06-25
12,2020-08-24
354,2020-06-06
351,2021-12-07
3056,2023-06-29
2050,2020-12-14
201,2023-03-16
1785,2022-01-10
3027,2022-07-30
1629,2022-04-24
129,2021-09-28
1708,2022-10-05
448,2020-11-08
2467,2022-06-28
2412,2021-12-03
2421,2023-02-25
91,2021-11-12
882,2020-02-03
2355,2023-10-19
2951,2022-03-23
1059,2021-06-29
1471,2020-08-20
1402,2023-01-14
63,2020-11-13
1793,2021-04-20
2620,2022-12-08
2964,2022-03-19
1518,2020-06-19
116,2020-08-02
2857,2022-05-08
1786,2022-02-05
2380,2023-11-26
1752,2023-07-03
2870,2020-10-06
2835,2023-11-23
2370,2021-04-29
1720,2023-06-18
1206,2020-10-19
407,2023-11-05
3512,2021-04-18
1439,2021-03-14
2693,2021-09-17
1028,2021-10-17
3442,2023-11-02
3207,2023-06-26
3557,2022-04-09
2137,2021-02-14
1383,2020-07-18
2826,2022-02-01
3472,2022-10-12
1974,2024-01-02
2984,2020-12-29
2813,2023-02-12
1484,2021-03-23
1783,2020-04-29
326,2022-04-24
941,2020-11-24
1769,2021-01-01
2904,2020-11-25
3199,2022-04-10
1095,2020-06-29
2282,2021-12-13
2067,2023-01-03
1293,2020-11-01
1566,2023-01-16
853,2021-11-28
2150,2020-02-24
1103,2021-01-25
1808,2023-08-05
1618,2024-01-07
779,2020-05-29
1366,2020-04-11
1130,2020-02-27
3328,2021-05-22
3108,2022-12-27
3028,2022-11-07
3467,2020-08-07
1570,2020-03-03
3584,2021-09-21
3349,2023-09-04
3577,2021-09-17
1535,2021-05-03
141,2022-11-07
3489,2020-09-26
1590,2021-06-12
2587,2020-12-03
449,2022-04-12
1186,2023-07-18
390,2021-01-26
1232,2021-02-08
3550,2020-11-18
821,2021-05-03
2646,2023-06-13
698,2023-09-07
2665,2022-06-30
1828,2021-08-29
2511,2020-04-04
485,2022-12-11
1137,2022-01-25
2007,2020-10-22
3195,2023-01-28
2011,2022-07-28
2360,2022-08-07
3404,2023-01-30
3388,2020-02-28
2157,2022-09-01
2459,2022-03-05
25,2022-04-14
3477,2023-01-07
102,2023-08-24
629,2020-07-02
1472,2021-11-06
262,2020-02-03
1389,2020-02-29
993,2023-10-29
1896,2020-03-26
3296,2022-08-21
2752,2023-01-07
3542,2021-03-27
1562,2021-06-12
1696,2022-10-17
9,2023-07-26
1814,2023-05-26
1067,2022-07-26
364,2021-03-17
3501,2022-02-11
1714,2021-03-26
1014,2023-05-30
401,2023-09-15
2673,2021-04-21
3627,2023-07-14
1540,2020-03-11
2162,2020-11-13
499,2021-08-31
2277,2022-07-24
3031,2020-10-03
1234,2023-01-26
39,2022-07-15
3191,2023-10-06
2242,2022-09-06
865,2021-12-08
1607,2021-06-15
346,2022-11-19
3159,2022-02-12
3268,2020-02-10
3174,2020-11-08
386,2023-01-19
3478,2023-08-10
3509,2021-12-08
788,2020-05-16
208,2024-01-09
2424,2021-02-01
1054,2022-07-29
1965,2020-12-06
521,2023-06-24
1070,2023-01-07
2019,2020-05-31
49,2022-06-11
2848,2023-12-22
670,2021-07-02
2012,2023-02-15
770,2022-03-31
1655,2020-02-06
699,2022-12-30
2828,2023-10-18
1415,2020-12-11
294,2020-06-20
3280,2022-10-05
895,2021-11-25
3377,2021-02-21
1326,2022-11-07
2551,2020-11-08
984,2023-11-03
3230,2021-05-20
1113,2022-05-03
632,2023-03-17
2677,2022-08-12
213,2022-09-30
1906,2022-08-06
1610,2021-04-27
2502,2023-07-23
1288,2020-05-07
3211,2022-07-13
2323,2023-06-11
2295,2020-05-09
2695,2023-12-04
199,2022-08-02
2970,2022-07-19
2819,2022-04-20
3168,2020-07-15
2623,2022-09-28
2698,2020-02-05
2338,2021-05-07
3528,2022-11-14
1443,2023-05-12
3452,2021-10-12
2302,2022-07-20
224,2021-02-19
1944,2022-07-23
524,2022-08-18
230,2022-10-13
2576,2022-05-26
2094,2021-12-31
1652,2020-07-31
2427,2020-03-18
3325,2020-03-22
1094,2020-10-03
1214,2023-09-01
2578,2020-05-23
1681,2021-03-27
2260,2021-06-07
584,2022-12-30
2888,2021-03-19
1376,2021-01-25
1124,2021-05-25
1859,2022-08-18
829,2021-05-08
3625,2020-03-13
3080,2023-05-28
2080,2021-06-16
3620,2022-09-16
822,2022-07-02
1995,2021-01-07
1250,2024-01-17
1743,2020-07-16
1205,2020-05-25
824,2021-06-06
2290,2020-11-17
399,2023-06-02
2257,2023-12-16
1665,2023-12-08
2899,2020-11-03
3371,2021-06-27
3038,2021-12-31
892,2022-04-09
748,2020-08-09
2839,2022-07-16
3260,2022-09-03
38,2020-09-06
3529,2020-09-20
1576,2023-03-24
1938,2023-07-24
1781,2021-09-29
2189,2021-11-21
1606,2022-09-25
1646,2020-04-06
2363,2021-02-26
2625,2023-08-13
1768,2021-10-14
3441,2021-11-11
751,2023-01-17
373,2022-11-11
1162,2023-02-22
3232,2022-12-10
3272,2021-02-08
2293,2022-05-19
3091,2023-04-23
3591,2020-05-10
2892,2020-12-09
1939,2020-05-22
1092,2020-01-23
1147,2020-06-19
295,2021-08-20
3135,2023-02-10
978,2020-07-11
260,2023-11-12
159,2020-03-14
1153,2020-11-02
1762,2021-09-28
2615,2021-09-09
971,2023-10-12
3389,2022-01-06
3224,2020-10-12
3145,2022-01-29
2253,2022-01-22
846,2021-03-31
2119,2021-06-16
1498,2021-09-19
3415,2022-02-22
2428,2023-11-20
2143,2020-05-10
2989,2020-03-27
1370,2020-07-07
2334,2020-05-04
905,2023-04-11
2626,2020-09-11
514,2021-09-26
68,2022-10-01
538,2022-02-10
2811,2021-01-09
1519,2020-01-27
2750,2022-06-09
2403,2023-10-03
3605,2023-10-03
2573,2022-09-11
1727,2022-01-06
310,2023-07-16
1348,2023-12-14
801,2023-02-18
1598,2023-12-31
2156,2023-09-03
1791,2021-02-06
2768,2022-08-07
2316,2022-07-27
3085,2023-04-09
3267,2020-05-26
1084,2023-11-12
3061,2021-11-10
126,2020-06-16
2969,2020-02-19
69,2022-02-13
2159,2020-06-21
1398,2023-10-28
1245,2020-10-14
2471,2020-08-13
2652,2023-09-26
150,2022-11-06
2066,2023-05-15
1173,2020-06-21
2651,2023-06-27
1684,2020-05-08
1703,2023-04-21
2512,2021-12-22
3203,2021-05-09
3018,2021-05-29
888,2022-03-12
921,2020-11-05
1574,2023-02-02
1819,2022-05-01
1488,2021-10-24
3367,2023-02-19
2115,2022-10-07
2669,2021-01-09
2470,2022-08-27
1873,2021-09-15
1587,2023-11-18
437,2022-03-23
2701,2020-06-04
3107,2021-05-10
852,2023-12-15
2346,2021-02-24
673,2020-09-15
1909,2021-12-31
61,2020-10-24
1647,2023-06-21
1682,2023-07-01
3459,2021-02-07
265,2021-12-27
3383,2021-02-11
1324,2021-09-30
457,2023-05-09
597,2022-10-14
2925,2022-07-08
2871,2022-02-12
1423,2022-01-13
3161,2022-08-04
983,2020-03-14
2376,2020-08-02
1692,2023-11-20
210,2022-06-14
2309,2021-04-30
3610,2022-09-14
203,2021-07-14
348,2022-12-07
2895,2020-10-07
1501,2022-02-28
3544,2023-06-08
740,2022-04-24
1085,2020-11-05
2823,2021-09-01
1110,2021-02-10
3010,2020-07-19
702,2023-08-30
2164,2023-11-29
1407,2022-07-17
1119,2021-02-07
635,2020-03-24
2107,2021-04-27
810,2023-07-13
3093,2023-10-25
2313,2023-07-30
52,2023-08-17
3258,2022-09-10
1038,2023-11-05
3197,2020-09-11
370,2022-10-17
3374,2020-04-25
1483,2020-03-11
1363,2022-07-14
1515,2022-04-29
3194,2023-01-02
2971,2023-06-20
3063,2021-07-17
1600,2022-04-03
576,2021-10-17
2134,2023-12-06
2774,2023-01-20
2702,2021-11-14
161,2020-09-12
1246,2022-07-12
1355,2021-05-02
1290,2022-07-04
140,2022-09-04
1158,2023-04-07
3582,2022-06-27
1116,2021-12-05
854,2020-09-26
3301,2020-11-16
2855,2024-01-10
3019,2021-11-05
54,2020-07-21
3150,2021-07-03
2935,2023-10-08
2972,2023-04-06
620,2020-03-24
996,2023-11-07
2555,2023-06-03
1602,2020-02-23
1213,2021-05-11
2545,2023-01-11
168,2020-03-19
2002,2021-07-13
2202,2022-11-23
2612,2022-10-19
3256,2023-05-01
3494,2023-03-17
2495,2021-06-06
3585,2021-12-24
3391,2021-12-06
3097,2022-12-15
2611,2022-05-02
3077,2022-02-04
530,2023-03-10
60,2021-09-08
949,2022-05-10
2235,2021-01-08
2405,2020-12-05
282,2024-01-13
1184,2023-12-01
1630,2021-06-24
2795,2023-05-22
2682,2023-06-27
2160,2023-01-04
3553,2023-09-15
3421,2021-05-06
1327,2022-09-15
1277,2023-11-21
1284,2021-02-25
3231,2020-10-16
806,2023-03-30
3249,2022-05-26
1530,2020-04-14
2308,2022-07-05
50,2022-05-07
1571,2021-12-19
1559,2022-07-26
2568,2023-06-03
802,2021-03-29
2492,2023-09-10
1311,2023-04-13
2330,2022-04-05
425,2024-01-08
1,2020-08-13
3366,2021-02-08
3075,2022-08-31
3243,2020-09-04
977,2023-04-26
2035,2023-07-12
1270,2021-10-18
177,2020-10-14
2913,2021-07-28
513,2023-06-16
1287,2020-03-05
1463,2021-09-19
1813,2023-05-10
1140,2021-05-21
1856,2023-02-23
767,2020-12-22
1349,2020-03-27
2434,2023-12-30
1055,2020-02-05
1318,2021-08-24
2751,2022-10-11
1263,2021-02-11
3514,2022-12-30
3343,2023-09-19
3433,2020-10-27
381,2022-03-27
1867,2023-07-03
2965,2023-05-24
2619,2023-11-28
2860,2023-02-17
3572,2021-05-15
420,2022-11-05
626,2021-10-22
2088,2021-05-02
1481,2023-12-21
1060,2023-02-08
1971,2023-10-24
81,2022-04-10
74,2021-06-07
2454,2020-10-22
1253,2020-04-04
3327,2022-07-18
1895,2021-08-23
1865,2022-03-30
1462,2023-11-09
508,2022-11-19
1182,2021-04-22
3555,2023-07-03
489,2021-07-30
1125,2021-05-22
2728,2023-10-28
1542,2022-10-27
389,2023-02-11
2390,2020-09-03
1291,2021-10-03
862,2022-10-17
2688,2020-07-10
816,2020-08-01
1087,2022-02-09
2770,2022-06-05
1577,2020-01-19
2113,2020-08-02
3462,2022-12-03
3086,2021-04-09
1280,2022-09-07
605,2022-01-26
2335,2023-03-04
353,2022-12-30
324,2023-02-12
3104,2021-07-20
2978,2023-05-06
2729,2024-01-17
1656,2020-09-26
2199,2021-12-10
2083,2020-09-30
2609,2022-08-08
1406,2022-03-19
2726,2023-07-28
1700,2020-08-07
1706,2023-10-25
2068,2020-06-21
623,2023-01-28
2546,2023-02-23
2497,2022-02-02
2810,2022-03-04
1832,2023-04-09
1275,2023-05-25
2208,2022-06-12
164,2021-04-11
1754,2021-05-18
2048,2022-09-16
2368,2021-02-11
2716,2022-02-17
409,2022-02-28
143,2020-04-09
23,2020-06-16
1771,2021-10-09
1006,2023-09-19
642,2022-10-13
2274,2020-09-27
1344,2023-10-02
385,2023-05-29
889,2021-06-08
3345,2021-10-07
1086,2021-11-12
2741,2021-04-04
532,2021-04-28
1854,2023-08-10
1936,2020-02-03
3314,2020-05-06
3532,2022-03-20
1933,2021-04-19
1672,2021-06-28
2110,2023-01-08
3312,2021-04-08
1149,2023-12-24
787,2020-08-10
1586,2023-10-11
3485,2021-11-30
3448,2020-09-27
2879,2021-08-22
2947,2021-11-30
953,2022-10-18
2161,2023-09-04
2326,2022-08-13
3511,2022-12-15
1575,2020-08-10
1956,2022-10-24
2601,2021-05-07
3163,2022-06-22
3124,2020-12-21
2708,2023-05-30
1332,2023-07-15
1843,2020-03-31
2209,2020-11-16
2530,2023-09-14
755,2023-03-12
2354,2020-01-22
1379,2022-06-21
2914,2021-08-11
2101,2020-11-20
287,2023-02-10
2850,2020-12-08
3102,2021-06-18
1080,2024-01-13
1512,2022-12-29
2668,2021-04-30
136,2020-09-04
2333,2020-12-13
2192,2020-11-10
212,2021-09-18
3204,2022-02-10
275,2023-05-04
89,2022-01-10
299,2022-10-18
568,2023-06-03
316,2021-09-12
2152,2020-11-15
3130,2023-02-24
2021,2023-05-25
2747,2021-07-29
2873,2020-01-26
529,2023-04-09
3381,2021-01-12
309,2022-07-07
1506,2020-05-28
1375,2020-06-23
1135,2020-07-11
1204,2023-07-27
1319,2023-03-26
834,2020-11-14
2111,2022-04-25
1683,2020-08-07
2288,2022-10-06
3222,2021-07-01
2005,2021-12-26
2754,2022-06-17
2386,2022-07-15
1167,2020-12-04
630,2021-03-17
2596,2023-04-20
2916,2023-09-11
3628,2022-01-15
2763,2023-09-08
2141,2023-03-24
1862,2022-03-09
1223,2023-01-31
3424,2024-01-02
2721,2023-04-21
3458,2021-06-27
160,2023-05-07
3324,2021-12-22
2657,2023-03-13
3401,2020-03-03
372,2020-09-09
2132,2022-12-12
3524,2022-09-07
3413,2022-08-01
1554,2021-03-11
240,2021-06-23
1430,2020-06-15
1979,2020-07-07
2203,2023-05-14
619,2021-07-04
1091,2021-04-05
296,2022-12-27
431,2020-08-12
280,2023-02-07
3492,2021-01-03
28,2022-11-23
2918,2023-03-21
2392,2020-11-07
1657,2022-05-07
723,2023-01-22
970,2023-09-14
2435,2022-04-28
3292,2020-10-14
2772,2021-11-15
951,2020-12-12
1212,2021-02-07
1429,2022-06-06
427,2022-05-15
3525,2022-08-15
176,2020-11-10
1924,2022-11-26
3548,2022-06-15
594,2022-02-13
405,2021-12-05
492,2023-07-16
3602,2024-01-13
825,2020-07-24
848,2020-09-02
3622,2020-07-24
3427,2021-11-12
1712,2023-11-08
3062,2023-04-22
1789,2021-03-23
2292,2021-09-30
1371,2020-12-29
3134,2020-10-17
2146,2022-07-12
410,2021-08-29
2061,2022-11-21
2402,2021-02-09
2655,2023-07-25
1842,2021-06-12
952,2020-04-05
1305,2022-08-24
1210,2023-03-14
975,2022-02-25
475,2022-05-16
216,2021-08-17
3423,2023-03-11
501,2021-11-21
1584,2021-07-18
2286,2020-03-26
1635,2022-11-28
2037,2023-02-25
539,2020-11-04
2445,2020-10-04
1131,2023-07-30
2064,2021-09-02
3510,2020-11-16
497,2022-10-13
312,2023-06-14
132,2024-01-09
252,2022-04-24
3315,2020-09-24
1315,2023-12-19
2631,2022-04-29
2185,2020-01-30
648,2020-07-24
595,2021-04-14
3095,2022-06-29
811,2022-02-01
2921,2021-02-21
2535,2020-02-07
279,2020-03-02
2408,2022-06-27
30,2022-12-07
3084,2020-12-09
1732,2021-07-29
2399,2021-06-20
2571,2021-01-22
2287,2023-05-20
2076,2023-11-28
1878,2022-11-12
148,2022-03-04
660,2021-10-01
2685,2022-04-01
1975,2020-04-03
2584,2021-11-19
571,2021-11-27
3437,2023-06-05
47,2020-08-12
650,2020-11-22
1887,2022-05-14
869,2023-04-27
891,2023-11-01
1321,2023-08-26
2638,2021-01-13
2840,2021-12-01
828,2023-06-01
3615,2022-06-03
3631,2021-04-12
1663,2022-07-23
2024,2023-07-18
34,2023-12-22
1844,2022-11-17
1417,2023-03-21
2825,2023-11-22
1058,2020-03-26
598,2023-01-24
861,2022-12-18
10,2021-05-25
2139,2020-12-17
1985,2021-09-22
790,2020-09-17
2311,2020-05-19
2197,2020-07-08
3497,2020-12-18
1244,2023-10-10
3322,2021-06-10
79,2020-11-14
3057,2023-04-21
2488,2020-06-13
2407,2023-02-22
2084,2023-03-17
2672,2020-08-08
235,2023-10-31
3198,2021-11-01
2372,2021-07-11
3,2022-04-06
3450,2021-09-11
3592,2023-12-22
1756,2021-06-14
1477,2020-12-02
1049,2021-06-23
1241,2022-05-24
1419,2021-02-13
939,2023-10-08
396,2021-10-11
863,2023-06-01
3348,2021-10-23
2997,2022-01-28
2432,2021-08-03
311,2021-10-29
1619,2020-06-16
2727,2023-04-14
1941,2021-08-10
2700,2022-08-16
1780,2020-02-26
2852,2020-05-13
1230,2020-04-24
760,2024-01-17
1812,2022-06-10
3241,2022-11-01
1368,2022-09-21
2238,2020-07-18
1734,2022-01-09
664,2022-02-18
3155,2023-09-22
3534,2023-08-29
2364,2023-12-09
743,2021-08-01
2709,2020-07-06
3403,2021-02-26
3025,2023-12-11
1513,2023-12-03
3192,2021-01-17
27,2022-07-14
3132,2023-07-24
1015,2023-09-30
2305,2023-04-29
2817,2023-04-24
967,2021-02-04
1601,2022-07-25
1973,2021-12-04
683,2020-08-16
3121,2022-12-26
864,2020-02-04
2090,2022-08-10
992,2023-08-24
915,2020-10-09
2528,2021-09-11
3561,2022-05-08
2148,2021-10-04
186,2022-01-16
1765,2021-12-15
923,2023-07-22
75,2020-05-03
2707,2022-02-27
3406,2023-04-03
3334,2023-03-01
2485,2021-10-09
741,2021-10-04
3289,2024-01-08
3127,2023-09-07
1744,2020-03-27
820,2021-04-30
3221,2022-06-05
1117,2022-12-19
1710,2021-07-11
157,2022-07-25
2468,2024-01-14
832,2023-11-13
1359,2022-10-25
3055,2020-10-21
503,2022-08-11
3162,2021-03-02
2365,2021-05-08
3046,2021-10-24
2890,2022-09-12
2398,2020-03-21
2045,2021-11-06
1981,2020-04-27
3393,2021-07-10
1057,2023-12-11
1347,2020-03-31
3029,2020-02-18
2367,2022-04-12
356,2020-01-20
2862,2021-03-10
2542,2023-07-28
2946,2020-01-22
724,2021-02-11
2229,2021-09-26
1977,2021-01-17
245,2022-10-11
3356,2022-02-07
1299,2022-02-06
3299,2020-04-17
393,2023-08-05
1747,2022-10-27
3177,2023-12-24
86,2020-02-24
747,2020-08-09
1181,2023-02-02
3594,2021-03-05
1316,2023-10-24
2091,2021-07-31
1102,2020-02-04
913,2023-09-25
963,2021-09-27
555,2021-06-11
2880,2020-09-13
2429,2020-06-30
3471,2023-09-27
2558,2021-05-09
3434,2023-06-30
107,2020-08-06
2008,2023-11-18
438,2022-04-14
1801,2021-08-28
2236,2023-05-11
2213,2021-07-23
2442,2022-12-27
171,2023-12-20
3216,2021-02-28
1986,2020-11-16
1372,2020-06-18
2123,2020-11-16
1677,2020-02-13
1159,2023-02-22
1128,2020-06-08
2058,2023-08-05
2875,2022-06-07
2059,2021-08-28
2356,2020-01-30
827,2022-02-25
2926,2022-10-11
285,2022-03-29
3009,2020-03-24
3305,2022-12-29
2930,2022-08-19
3515,2023-06-03
3138,2022-01-01
2281,2021-09-10
1441,2024-01-07
2522,2023-10-30
2662,2021-01-22
2188,2023-10-25
2681,2021-09-01
3109,2020-04-18
2004,2020-12-29
1251,2023-05-07
1955,2022-11-06
2154,2022-02-04
2240,2021-11-30
1257,2023-12-25
56,2021-08-21
483,2022-03-26
44,2023-04-08
1822,2022-03-11
1544,2020-10-20
321,2022-02-15
1342,2022-12-10
2135,2023-06-07
3604,2021-01-09
2479,2023-11-23
3597,2020-03-18
1438,2020-06-23
2928,2023-02-25
3039,2022-10-28
2256,2022-12-11
238,2021-07-04
1798,2021-02-08
1810,2023-12-25
1004,2022-11-23
3438,2022-12-20
2394,2020-06-17
3040,2021-01-23
2783,2023-07-01
2658,2022-08-14
2506,2020-03-02
1200,2022-10-22
301,2022-08-02
2508,2022-08-27
943,2023-12-10
3479,2023-03-06
2371,2020-05-20
1260,2021-11-30
2757,2022-11-06
2523,2021-07-20
464,2022-09-17
6,2021-12-10
842,2020-09-07
1869,2022-06-24
327,2023-01-30
2739,2021-01-03
2775,2023-08-04
3117,2022-12-08
1465,2022-04-16
893,2020-08-04
2062,2021-12-25
695,2022-06-20
388,2021-02-10
2572,2023-08-18
604,2022-01-26
843,2021-06-13
323,2021-12-27
1868,2023-01-06
3490,2022-03-24
2767,2022-04-16
3058,2022-05-21
2614,2023-10-19
2988,2023-04-16
3235,2022-11-09
2564,2021-01-06
2603,2023-08-22
1281,2023-09-24
831,2022-07-24
1905,2020-01-22
456,2022-05-10
308,2021-09-29
2121,2022-03-24
2306,2023-05-24
2263,2020-05-25
2051,2021-07-23
1303,2020-11-13
329,2022-08-02
3612,2023-06-22
1705,2020-05-12
2713,2021-12-19
1719,2021-01-21
2613,2020-08-25
480,2022-09-11
3537,2023-09-27
3036,2024-01-05
118,2021-11-25
1972,2023-02-09
1558,2021-08-11
3313,2023-07-30
1030,2020-11-01
467,2020-02-10
3196,2021-05-05
3621,2021-12-31
2736,2021-08-20
2494,2021-04-02
3141,2020-09-27
1970,2021-07-28
1199,2020-02-08
1357,2022-02-11
1902,2020-08-23
1976,2020-02-21
777,2021-04-08
2653,2022-12-30
569,2022-09-01
1787,2023-06-14
2915,2022-12-18
2769,2023-08-19
3569,2023-09-11
1093,2021-06-26
1258,2022-07-17
1999,2022-07-01
85,2021-04-12
1666,2021-02-10
3254,2023-08-06
2686,2022-03-17
756,2020-03-24
2144,2020-07-20
2200,2022-10-20
512,2021-04-30
3519,2020-08-11
2437,2023-05-17
732,2021-07-29
2221,2023-04-07
2818,2021-12-02
531,2021-03-05
2868,2021-11-17
766,2020-08-18
1480,2023-05-19
2003,2022-08-24
1362,2020-12-03
3166,2022-01-05
3012,2022-12-18
3496,2023-04-18
375,2021-12-12
1634,2023-11-24
2777,2020-11-09
1185,2020-12-04
1715,2021-09-26
3065,2021-08-12
2719,2023-02-08
2081,2024-01-07
1794,2022-05-08
239,2022-06-18
128,2022-02-10
355,2020-11-02
165,2022-03-28
1511,2020-05-11
2320,2023-08-07
3486,2021-12-28
1320,2023-06-02
2999,2021-03-11
2541,2022-04-16
473,2022-04-06
1998,2020-02-26
3295,2021-09-02
2043,2023-06-20
2917,2020-12-04
2138,2020-11-16
2931,2022-06-17
98,2021-02-26
1840,2021-12-03
1024,2022-04-17
2015,2020-01-23
3578,2023-07-26
450,2022-11-13
551,2022-10-07
3265,2022-10-31
277,2022-03-09
2267,2020-02-22
179,2022-03-12
434,2020-11-13
1341,2021-10-14
2869,2020-11-07
2616,2022-11-14
1592,2021-08-04
1644,2023-05-24
3236,2020-09-21
1517,2022-02-16
742,2021-02-02
868,2023-12-23
1770,2021-04-27
484,2023-07-03
2022,2020-10-24
3565,2023-07-10
2902,2020-12-06
2486,2020-08-16
2861,2022-08-28
781,2023-03-06
549,2022-06-29
1964,2020-12-29
3432,2020-10-31
783,2020-06-07
2594,2023-10-19
1890,2020-10-31
1008,2023-08-27
2903,2020-10-07
3079,2023-01-04
674,2021-09-23
2204,2023-12-14
687,2022-05-21
876,2020-11-05
459,2021-10-16
1990,2022-01-15
1911,2022-02-22
1268,2023-12-20
753,2021-08-26
122,2022-04-03
700,2022-07-02
3407,2023-03-05
2627,2021-02-05
1445,2021-06-24
1949,2023-05-24
2233,2020-03-22
2087,2023-09-23
32,2022-08-05
2155,2022-04-06
1751,2022-06-29
2072,2023-03-12
2759,2021-11-09
70,2023-07-16
3439,2022-08-07
3206,2022-01-27
1120,2022-08-26
3409,2021-06-26
1191,2022-09-10
3270,2023-09-18
1532,2022-10-18
3457,2022-06-07
1243,2023-05-23
3416,2020-03-13
266,2023-04-09
2934,2020-07-03
1459,2022-07-29
1913,2020-01-24
505,2020-04-28
2325,2021-05-03
340,2023-07-08
3152,2022-06-04
3173,2020-08-29
2234,2021-02-14
799,2021-03-09
931,2021-12-07
3071,2020-03-09
745,2021-06-01
979,2021-07-29
2937,2023-11-18
62,2023-09-03
1776,2023-05-08
1603,2023-11-27
2846,2021-06-14
3547,2021-01-26
2461,2020-07-12
3588,2023-04-06
142,2020-05-10
3417,2021-02-02
2440,2020-08-20
1568,2022-10-22
194,2022-12-09
647,2021-01-08
2082,2021-11-28
361,2022-03-13
2849,2022-05-25
3329,2020-10-15
58,2020-08-15
2974,2023-07-02
359,2021-10-10
3552,2020-01-24
1569,2020-07-04
2117,2022-09-28
2340,2021-10-22
2095,2020-10-24
924,2022-07-17
2042,2022-08-28
278,2020-02-19
2201,2022-09-22
3574,2022-09-20
2273,2021-03-21
382,2023-07-25
2193,2021-07-23
2413,2023-02-10
1452,2020-03-29
1391,2022-01-28
1025,2022-02-22
2822,2020-11-30
2958,2023-07-08
1953,2021-03-13
67,2022-10-20
1056,2022-08-10
1740,2020-08-05
2077,2023-06-01
2343,2021-05-09
114,2021-10-18
246,2022-12-21
1440,2021-02-20
