member_id,enrollment_dt
1965,2021-01-20
1468,2020-10-20
3605,2023-11-17
903,2023-12-08
181,2023-02-05
1900,2022-11-21
2921,2021-04-07
1634,2024-01-08
3496,2023-06-02
601,2022-11-23
351,2022-01-21
3556,2022-05-20
469,2023-11-27
3268,2020-03-26
2189,2022-01-05
3196,2021-06-19
2347,2021-10-06
3120,2021-08-19
3165,2023-06-21
1309,2023-09-03
1265,2023-07-31
454,2022-06-03
494,2022-04-28
2065,2020-03-08
2448,2023-11-13
3317,2020-08-14
448,2020-12-23
132,2024-02-23
3464,2020-10-09
2364,2024-01-23
1615,2023-09-13
2907,2021-10-10
329,2022-09-16
2535,2020-03-23
682,2022-03-09
2684,2023-05-25
2224,2022-09-13
3330,2020-06-08
2134,2024-01-20
750,2023-02-25
3332,2024-02-11
1401,2022-09-12
1564,2020-08-22
1637,2020-06-27
439,2023-07-16
2308,2022-08-19
944,2022-01-27
2340,2021-12-06
986,2022-08-15
757,2022-07-18
1985,2021-11-06
2604,2020-07-01
2925,2022-08-22
2656,2022-02-08
806,2023-05-14
2290,2021-01-01
2260,2021-07-22
1910,2020-05-09
3345,2021-11-21
1684,2020-06-22
489,2021-09-13
3459,2021-03-24
1052,2022-11-12
1039,2023-11-23
473,2022-05-21
1299,2022-03-23
3362,2021-04-12
2362,2023-12-04
2165,2023-01-01
73,2020-09-23
2440,2020-10-04
591,2022-07-04
2720,2023-10-19
2873,2020-03-11
2399,2021-08-04
2932,2022-12-22
2765,2021-12-07
2874,2022-04-19
2509,2020-03-06
2857,2022-06-22
2123,2020-12-31
1793,2021-06-04
941,2021-01-08
571,2022-01-11
1025,2022-04-08
445,2023-07-25
1610,2021-06-11
2901,2023-02-28
2984,2021-02-12
3548,2022-07-30
1510,2020-08-19
2842,2022-09-28
3376,2021-10-03
1552,2022-02-18
3084,2021-01-23
3112,2021-06-10
3260,2022-10-18
3461,2023-03-06
1972,2023-03-26
289,2021-06-09
1542,2022-12-11
1463,2021-11-03
704,2021-09-17
3143,2023-02-07
285,2022-05-13
301,2022-09-16
1442,2023-11-01
3544,2023-07-23
2897,2021-05-07
3283,2020-07-30
1947,2024-02-22
2701,2020-07-19
2024,2023-09-01
3449,2023-06-12
2581,2021-01-10
779,2020-07-13
1453,2021-09-13
1392,2021-11-14
2610,2022-09-16
555,2021-07-26
467,2020-03-26
133,2022-07-30
1345,2020-08-08
3389,2022-02-20
636,2021-07-01
1607,2021-07-30
3319,2023-04-24
1125,2021-07-06
1833,2021-06-25
3064,2021-08-25
1158,2023-05-22
521,2023-08-08
1288,2020-06-21
1818,2023-12-06
539,2020-12-19
1678,2022-07-16
2695,2024-01-18
1123,2021-08-09
703,2020-08-16
2515,2020-10-28
723,2023-03-08
2484,2023-04-17
2774,2023-03-06
2861,2022-10-12
854,2020-11-10
1685,2022-03-18
3554,2023-04-20
3175,2022-01-25
3508,2021-01-31
89,2022-02-24
2169,2021-03-23
1423,2022-02-27
1970,2021-09-11
1055,2020-03-21
561,2022-01-04
830,2022-06-25
1118,2024-01-26
1159,2023-04-08
3010,2020-09-02
3103,2021-03-12
1642,2023-10-31
3182,2020-03-08
2444,2021-03-08
3307,2021-07-04
1715,2021-11-10
2613,2020-10-09
3559,2022-07-07
2900,2023-03-08
2672,2020-09-22
2539,2021-03-20
2504,2022-01-05
2904,2021-01-09
1545,2021-04-11
1484,2021-05-07
2088,2021-06-16
3033,2021-12-27
1132,2022-06-17
2619,2024-01-12
1603,2024-01-11
2541,2022-05-31
143,2020-05-24
2129,2020-09-20
721,2020-03-12
1604,2023-05-15
3174,2020-12-23
725,2020-03-28
2778,2021-06-27
3397,2023-11-05
142,2020-06-24
109,2023-10-27
3373,2022-02-22
1669,2021-08-31
3514,2023-02-13
587,2021-02-03
79,2020-12-29
1293,2020-12-16
48,2023-12-29
2049,2023-05-15
2106,2024-03-02
3272,2021-03-25
440,2022-12-26
446,2022-10-05
2445,2020-11-18
1906,2022-09-20
2875,2022-07-22
646,2021-10-16
1606,2022-11-09
2182,2022-07-07
583,2023-04-14
304,2023-06-03
2853,2023-04-01
832,2023-12-28
2450,2024-01-22
1568,2022-12-06
740,2022-06-08
2727,2023-05-29
2813,2023-03-29
1320,2023-07-17
1095,2020-08-13
1585,2023-07-16
2906,2020-03-07
2011,2022-09-11
3329,2020-11-29
1407,2022-08-31
1093,2021-08-10
896,2022-09-09
2421,2023-04-11
2012,2023-04-01
526,2021-10-04
2025,2023-03-27
962,2020-04-18
3140,2023-09-06
2264,2023-05-24
278,2020-04-04
425,2024-02-22
3296,2022-10-05
166,2022-05-21
1488,2021-12-08
2311,2020-07-03
419,2022-04-16
2903,2020-11-21
2019,2020-07-15
1009,2023-03-07
3420,2022-01-13
1795,2022-01-20
3305,2023-02-12
782,2023-04-07
1784,2022-04-01
2237,2021-07-26
112,2021-01-30
562,2020-04-27
1458,2021-02-25
220,2020-11-17
1162,2023-04-08
2936,2021-03-25
444,2022-08-31
2141,2023-05-08
346,2023-01-03
2297,2022-04-08
1383,2020-09-01
2806,2023-07-20
1717,2020-07-08
1368,2022-11-05
907,2023-07-12
3612,2023-08-06
3314,2020-06-20
342,2022-04-24
3076,2021-02-24
1365,2022-09-30
2014,2022-08-22
1033,2021-05-15
2325,2021-06-17
2636,2021-12-14
3339,2022-07-12
2912,2021-03-25
3201,2022-09-05
201,2023-04-30
2089,2023-10-05
95,2022-10-17
1987,2023-01-17
1766,2020-06-11
3294,2022-04-28
63,2020-12-28
1272,2023-03-21
1291,2021-11-17
2256,2023-01-25
2240,2022-01-14
3,2022-05-21
399,2023-07-17
1703,2023-06-05
2527,2021-03-13
1588,2020-12-11
3407,2023-04-19
2454,2020-12-06
364,2021-05-01
1225,2024-03-01
421,2022-12-29
1199,2020-03-24
2076,2024-01-12
2479,2024-01-07
2492,2023-10-25
2877,2021-07-27
162,2023-06-20
1814,2023-07-10
3202,2021-02-22
2241,2023-10-14
2349,2021-09-17
1217,2021-04-24
2144,2020-09-03
1652,2020-09-14
1248,2021-06-16
1137,2022-03-11
751,2023-03-03
2233,2020-05-06
3279,2022-08-09
385,2023-07-13
645,2023-05-29
3381,2021-02-26
3502,2021-02-20
193,2022-03-06
1579,2021-05-13
1006,2023-11-03
2491,2022-09-17
128,2022-03-27
3138,2022-02-15
1049,2021-08-07
20,2022-10-31
1938,2023-09-07
694,2022-03-06
1876,2023-10-16
3393,2021-08-24
3249,2022-07-10
2080,2021-07-31
2785,2022-09-23
259,2021-08-05
3572,2021-06-29
2614,2023-12-03
932,2024-02-13
1290,2022-08-18
3632,2023-03-16
983,2020-04-28
3620,2022-10-31
279,2020-04-16
1774,2022-01-16
963,2021-11-11
55,2021-09-29
1198,2022-05-05
853,2022-01-12
2682,2023-08-11
349,2020-10-16
3638,2020-09-05
339,2021-05-05
544,2020-12-16
835,2020-10-17
1142,2022-08-10
801,2023-04-04
3528,2022-12-29
312,2023-07-29
556,2023-07-27
2244,2024-02-27
949,2022-06-24
2858,2021-01-24
3238,2020-10-28
2895,2020-11-21
3015,2021-06-05
121,2021-10-09
56,2021-10-05
353,2023-02-13
1930,2020-09-18
1961,2021-07-01
3203,2021-06-23
360,2021-08-15
1354,2020-12-07
1537,2020-03-23
3191,2023-11-20
1883,2020-05-14
518,2022-05-21
1905,2020-03-07
122,2022-05-18
1670,2020-03-30
2407,2023-04-08
1251,2023-06-21
257,2021-02-01
1263,2021-03-28
3265,2022-12-15
1535,2021-06-17
3273,2022-01-21
2680,2023-09-21
969,2023-05-03
216,2021-10-01
3564,2023-06-04
1109,2021-01-27
159,2020-04-28
3357,2023-03-31
3415,2022-04-08
1022,2023-09-21
2678,2022-08-09
1837,2024-02-01
3000,2020-10-07
2166,2023-11-07
1380,2023-07-06
3193,2024-01-30
472,2021-02-18
2688,2020-08-24
2344,2023-08-22
1520,2020-03-03
1646,2020-05-21
1341,2021-11-28
3483,2020-04-07
1353,2021-05-22
3571,2020-04-20
3490,2022-05-08
1234,2023-03-12
134,2021-12-28
1648,2021-12-28
3031,2020-11-17
878,2022-03-19
2305,2023-06-13
207,2022-03-07
2194,2022-12-02
1126,2023-02-17
1919,2023-06-28
1632,2021-06-17
258,2023-05-24
2652,2023-11-10
1657,2022-06-21
3334,2023-04-15
2263,2020-07-09
1178,2022-01-24
3044,2022-09-13
2703,2023-07-01
633,2021-03-25
3338,2020-08-14
2834,2023-11-12
2559,2020-03-31
437,2022-05-07
1414,2022-06-02
1222,2022-08-01
415,2021-12-22
2976,2023-03-13
475,2022-06-30
2118,2021-01-07
1602,2020-04-08
2520,2023-01-05
582,2020-03-04
1226,2021-09-20
3227,2022-02-01
2298,2021-05-14
3094,2021-09-13
2623,2022-11-12
920,2023-09-21
2572,2023-10-02
2361,2023-11-30
2041,2022-10-20
1444,2023-01-04
1347,2020-05-15
547,2022-02-17
850,2022-04-02
158,2021-11-20
985,2020-12-05
2464,2022-05-23
2902,2021-01-20
3448,2020-11-11
176,2020-12-25
2564,2021-02-20
3082,2022-07-10
2402,2021-03-26
137,2021-06-21
2160,2023-02-18
1119,2021-03-24
517,2023-09-19
1647,2023-08-05
2072,2023-04-26
510,2023-04-23
3092,2022-06-27
852,2024-01-29
2532,2022-07-23
2555,2023-07-18
1429,2022-07-21
2955,2020-03-07
481,2023-12-01
2459,2022-04-19
368,2021-12-16
1497,2021-11-13
608,2023-01-12
630,2021-05-01
1436,2020-08-12
172,2022-10-13
2919,2023-05-09
2888,2021-05-03
2953,2020-12-09
3081,2022-05-11
1727,2022-02-20
875,2020-09-28
120,2021-05-24
1730,2020-08-16
1677,2020-03-29
303,2020-09-29
3025,2024-01-25
701,2020-06-17
189,2022-05-14
2603,2023-10-06
228,2022-01-01
1594,2020-08-28
1372,2020-08-02
1088,2020-07-08
3216,2021-04-14
227,2023-09-10
70,2023-08-30
2343,2021-06-23
196,2020-10-01
2914,2021-09-25
2411,2023-09-20
3163,2022-08-06
222,2020-11-24
2790,2022-01-17
1952,2022-07-14
3256,2023-06-15
1249,2021-05-07
2001,2021-01-16
147,2023-12-11
2180,2022-03-16
2868,2022-01-01
1081,2021-05-07
2944,2020-09-11
2824,2023-08-03
221,2022-01-30
1580,2021-02-10
2494,2021-05-17
438,2022-05-29
3596,2021-02-26
1803,2023-10-18
3320,2020-07-14
107,2020-09-20
1744,2020-05-11
960,2023-06-19
1770,2021-06-11
1398,2023-12-12
3593,2024-03-02
3399,2023-12-24
1277,2024-01-05
3325,2020-05-06
1756,2021-07-29
192,2023-02-09
1626,2020-10-13
3154,2023-09-10
631,2021-12-18
831,2022-09-07
1197,2023-04-24
1190,2020-05-14
2724,2021-05-08
3602,2024-02-27
3630,2022-09-27
574,2023-04-15
2689,2024-01-31
3150,2021-08-17
91,2021-12-27
2760,2022-10-07
1700,2020-09-21
2773,2023-09-13
2457,2020-09-19
1571,2022-02-02
2043,2023-08-04
2592,2022-04-19
935,2020-04-18
1760,2020-07-17
212,2021-11-02
1012,2020-10-06
2625,2023-09-27
1962,2021-08-10
1303,2020-12-28
871,2024-01-09
3118,2020-10-31
2776,2020-06-03
3012,2023-02-01
1819,2022-06-15
2,2021-02-05
3418,2022-08-01
2951,2022-05-07
2164,2024-01-13
987,2022-09-20
1516,2023-05-27
747,2020-09-23
1098,2023-03-15
1824,2022-11-22
1374,2022-12-15
661,2022-07-13
441,2022-10-01
1297,2020-04-05
2615,2021-10-24
873,2020-06-28
881,2023-12-07
2269,2022-04-13
840,2023-10-01
3129,2021-03-04
499,2021-10-15
3299,2020-06-01
1995,2021-02-21
2356,2020-03-15
347,2020-03-10
2627,2021-03-22
2439,2020-10-24
3005,2022-09-30
2743,2023-10-23
3141,2020-11-11
3433,2020-12-11
1660,2023-03-20
651,2022-05-23
3134,2020-12-01
808,2022-04-18
1323,2021-07-27
2994,2021-10-30
1942,2020-12-22
660,2021-11-15
3492,2021-02-17
2367,2022-05-27
2105,2020-04-26
3156,2020-12-19
3615,2022-07-18
3217,2024-01-25
609,2020-07-04
1189,2022-09-25
331,2023-05-23
1270,2021-12-02
1071,2022-12-14
2006,2023-04-20
2693,2021-11-01
1331,2022-06-05
1696,2022-12-01
514,2021-11-10
1476,2022-04-11
3029,2020-04-03
3236,2020-11-05
1873,2021-10-30
2880,2020-10-28
265,2022-02-10
2396,2023-02-23
3124,2021-02-04
1316,2023-12-08
2849,2022-07-09
3040,2021-03-09
1840,2022-01-17
1929,2023-12-01
777,2021-05-23
125,2021-03-10
17,2022-07-16
1992,2022-08-17
3628,2022-03-01
2461,2020-08-26
2132,2023-01-26
998,2024-01-03
570,2022-07-02
3087,2021-08-17
2358,2023-11-30
2552,2022-12-17
1207,2020-12-10
2188,2023-12-09
3180,2020-07-26
2097,2023-08-08
7,2023-01-14
1892,2023-02-25
1060,2023-03-25
3406,2023-05-18
1547,2022-03-30
404,2022-12-09
3106,2023-04-26
841,2021-05-13
2726,2023-09-11
1233,2022-01-31
1205,2020-07-09
897,2022-07-25
3386,2020-04-18
2908,2020-07-13
2565,2021-12-12
1445,2021-08-08
787,2020-09-24
1163,2023-01-09
1666,2021-03-27
3529,2020-11-04
967,2021-03-21
3186,2022-12-11
160,2023-06-21
913,2023-11-09
2378,2022-10-13
2357,2023-11-27
321,2022-04-01
578,2022-02-26
573,2023-06-16
3275,2021-09-23
1260,2022-01-14
1085,2020-12-20
995,2022-11-14
54,2020-09-04
1250,2024-03-02
1184,2024-01-15
2766,2020-05-29
2000,2020-10-25
2638,2021-02-27
2561,2021-10-12
1563,2023-07-27
2999,2021-04-25
430,2023-04-23
1066,2021-04-21
2101,2021-01-04
3142,2022-08-26
1411,2023-07-24
319,2020-03-03
2087,2023-11-07
2645,2021-05-01
2425,2022-08-16
427,2022-06-29
1998,2020-04-11
108,2022-10-17
2473,2020-10-08
1389,2020-04-14
1274,2020-04-03
1923,2020-08-06
5,2021-04-03
487,2023-12-06
2584,2022-01-03
867,2023-07-16
3068,2021-03-18
1292,2023-08-08
650,2021-01-06
3434,2023-08-14
2929,2021-09-06
2799,2023-02-21
1562,2021-07-27
3310,2022-09-01
511,2021-12-22
3441,2021-12-26
2415,2021-02-03
1472,2021-12-21
2512,2022-02-05
1565,2023-11-05
386,2023-03-05
3107,2021-06-24
2365,2021-06-22
2721,2023-06-05
758,2023-03-07
593,2023-10-21
3295,2021-10-17
2067,2023-02-17
2381,2023-01-08
1139,2022-09-01
1920,2020-03-18
624,2020-08-06
2369,2023-02-14
2840,2022-01-15
1658,2022-02-24
670,2021-08-16
814,2020-10-09
2281,2021-10-25
1681,2021-05-11
2784,2022-03-24
2154,2022-03-21
1902,2020-10-07
3408,2023-12-08
3324,2022-02-05
2650,2020-11-14
199,2022-09-16
1728,2024-01-16
3524,2022-10-22
2069,2023-11-16
1164,2021-07-22
1999,2022-08-15
2626,2020-10-26
1519,2020-03-12
2054,2022-01-22
2812,2020-03-08
3368,2023-04-14
3062,2023-06-06
2468,2024-02-28
2351,2023-02-12
3125,2021-02-19
1202,2020-06-04
973,2022-09-30
2502,2023-09-06
2962,2022-07-06
798,2020-06-14
2974,2023-08-16
1720,2023-08-02
1440,2021-04-06
1512,2023-02-12
2867,2020-07-04
2864,2022-05-12
922,2021-08-19
1013,2022-09-25
1624,2020-06-22
894,2022-06-06
354,2020-07-21
667,2022-03-17
51,2022-08-11
1280,2022-10-22
1459,2022-09-12
793,2020-07-21
2928,2023-04-11
503,2022-09-25
1410,2023-08-17
1135,2020-08-25
2023,2020-11-12
748,2020-09-23
3372,2023-02-15
2121,2022-05-08
1232,2021-03-25
1030,2020-12-16
2716,2022-04-03
2331,2024-02-24
2265,2022-09-13
1115,2022-04-10
2434,2024-02-13
1755,2020-09-20
2205,2023-03-24
2458,2022-01-29
288,2022-11-30
629,2020-08-16
914,2020-06-05
203,2021-08-28
2152,2020-12-30
3139,2022-01-23
2916,2023-10-26
2970,2022-09-02
2296,2020-10-03
545,2021-08-14
2508,2022-10-11
535,2024-01-26
2155,2022-05-21
138,2021-03-21
3487,2022-03-30
1914,2022-01-29
2943,2021-07-24
2018,2022-08-15
647,2021-02-22
1805,2022-06-17
2607,2022-09-07
893,2020-09-18
1916,2022-10-14
1532,2022-12-02
1465,2022-05-31
937,2021-03-25
1732,2021-09-12
2651,2023-08-11
2086,2022-10-10
2876,2022-04-09
1683,2020-09-21
275,2023-06-18
2822,2021-01-14
3263,2023-10-18
1504,2021-06-12
1144,2020-10-13
764,2023-07-27
290,2021-09-21
504,2023-08-08
2997,2022-03-14
3565,2023-08-24
2301,2024-03-02
1021,2021-11-08
604,2022-03-12
2872,2023-01-20
1612,2022-01-16
2740,2021-09-25
2051,2021-09-06
1907,2020-12-23
569,2022-10-16
1654,2021-06-06
1829,2021-02-26
1419,2021-03-30
2010,2021-11-06
1619,2020-07-31
1106,2021-11-10
3177,2024-02-07
2756,2023-07-05
572,2020-09-28
355,2020-12-17
1042,2020-06-23
3416,2020-04-27
2393,2021-02-11
1040,2023-09-03
1566,2023-03-02
1227,2021-07-03
497,2022-11-27
1268,2024-02-03
246,2023-02-04
3291,2020-06-06
3166,2022-02-19
3027,2022-09-13
3153,2020-06-14
2641,2023-08-29
2847,2022-11-19
111,2020-05-30
1449,2022-07-16
3168,2020-08-29
3298,2021-09-11
1791,2021-03-23
942,2020-11-13
2713,2022-02-02
341,2021-09-17
3343,2023-11-03
1558,2021-09-25
2518,2023-11-25
3207,2023-08-10
2102,2021-06-10
977,2023-06-10
2442,2023-02-10
1682,2023-08-15
1813,2023-06-24
3306,2023-06-20
2533,2020-10-25
2200,2022-12-04
2523,2021-09-03
1211,2023-03-18
2905,2022-07-10
1004,2023-01-07
550,2020-03-18
1869,2022-08-08
2481,2023-10-13
194,2023-01-23
1140,2021-07-05
1086,2021-12-27
2424,2021-03-18
3364,2023-06-02
676,2021-02-21
2829,2022-07-12
3622,2020-09-07
1035,2021-12-30
2186,2023-10-13
1994,2022-02-18
761,2022-08-28
1257,2024-02-08
2337,2022-10-20
302,2023-06-08
1349,2020-05-11
1036,2021-05-21
673,2020-10-30
114,2021-12-02
2239,2020-07-20
1508,2022-03-08
2319,2020-11-12
644,2021-10-17
2131,2023-10-02
792,2023-05-12
1817,2021-12-03
423,2023-08-29
2428,2024-01-04
2801,2021-11-29
3410,2020-11-30
1864,2023-05-13
976,2022-08-20
3635,2020-05-22
2913,2021-09-11
450,2022-12-28
237,2022-07-23
1147,2020-08-03
3470,2021-05-07
3253,2020-05-30
3472,2022-11-26
1173,2020-08-05
3377,2021-04-07
1091,2021-05-20
362,2024-01-23
778,2023-02-16
1382,2022-12-22
794,2022-07-21
3001,2021-11-18
3348,2021-12-07
1422,2022-07-20
989,2020-09-28
1738,2022-01-10
2449,2020-05-17
1934,2021-08-07
3197,2020-10-26
626,2021-12-06
3284,2023-03-14
1149,2024-02-07
2348,2022-07-28
1748,2023-12-09
3300,2022-07-20
1989,2021-08-09
2232,2023-11-10
1371,2021-02-12
1321,2023-10-10
60,2021-10-23
2987,2021-10-24
124,2021-09-03
861,2023-02-01
3560,2020-04-07
2783,2023-08-15
2576,2022-07-10
2598,2022-02-19
2630,2020-07-16
118,2022-01-09
104,2021-03-05
3038,2022-02-14
3432,2020-12-15
3147,2021-11-13
1794,2022-06-22
3382,2022-01-10
3277,2023-09-09
36,2021-10-13
975,2022-04-11
2647,2021-08-05
2772,2021-12-30
1264,2022-11-29
1298,2021-06-24
3494,2023-05-01
1200,2022-12-06
1650,2022-05-18
3063,2021-08-31
541,2021-01-26
1649,2023-03-24
2665,2022-08-14
262,2020-03-19
428,2023-12-01
3071,2020-04-23
3312,2021-05-23
1084,2023-12-27
946,2022-01-26
3060,2023-04-25
996,2023-12-22
2744,2022-04-06
2558,2021-06-23
2860,2023-04-03
1165,2021-11-28
3608,2023-03-30
3311,2021-05-01
2826,2022-03-18
1743,2020-08-30
2247,2020-11-14
2653,2023-02-13
1502,2021-12-15
542,2021-09-20
934,2024-02-09
3276,2020-10-13
988,2023-11-15
595,2021-05-29
49,2022-07-26
2542,2023-09-11
229,2021-01-06
2008,2024-01-02
232,2021-08-14
3145,2022-03-15
2107,2021-06-11
515,2023-01-16
1180,2021-01-20
1150,2020-09-27
2828,2023-12-02
3497,2021-02-01
1305,2022-10-08
3220,2022-06-15
917,2023-02-23
1002,2021-08-12
2436,2020-12-05
1141,2022-09-23
2899,2020-12-18
1070,2023-02-21
1223,2023-03-17
732,2021-09-12
3412,2022-05-02
2400,2023-10-24
746,2023-10-17
410,2021-10-13
797,2023-06-22
2462,2021-09-02
3478,2023-09-24
549,2022-08-13
749,2020-05-24
783,2020-07-22
3041,2020-08-15
752,2020-10-21
2777,2020-12-24
230,2022-11-27
3631,2021-05-27
2991,2024-01-31
3511,2023-01-29
3639,2020-06-23
2037,2023-04-11
755,2023-04-26
2083,2020-11-14
3473,2020-09-02
928,2021-05-04
2586,2022-06-14
3356,2022-03-24
2405,2021-01-19
2060,2021-08-12
293,2021-06-18
3235,2022-12-24
1491,2023-03-23
3270,2023-11-02
664,2022-04-04
1981,2020-06-11
2711,2023-01-21
936,2021-07-08
2038,2022-06-28
536,2020-05-25
1560,2020-04-14
2795,2023-07-06
1101,2021-07-12
2728,2023-12-12
2195,2023-09-09
1409,2023-09-25
1551,2022-09-13
373,2022-12-26
765,2020-04-28
3427,2021-12-27
3413,2022-09-15
1656,2020-11-10
2280,2021-10-26
1427,2023-09-25
2957,2020-12-21
308,2021-11-13
1029,2023-12-29
3039,2022-12-12
1577,2020-03-04
3269,2021-01-15
2122,2023-10-31
3045,2021-09-02
2022,2020-12-08
927,2023-02-19
29,2023-04-25
2330,2022-05-20
1769,2021-02-15
367,2021-03-23
1241,2022-07-08
2939,2021-08-16
1350,2023-07-12
1284,2021-04-11
1811,2020-12-13
3578,2023-09-09
2574,2022-07-09
791,2022-04-17
35,2020-06-18
2892,2021-01-23
1722,2023-05-12
501,2022-01-05
1857,2023-06-07
2323,2023-07-26
3380,2021-10-02
2463,2023-08-17
2759,2021-12-24
1783,2020-06-13
3391,2022-01-20
2249,2021-02-16
483,2022-05-10
2385,2023-12-20
1762,2021-11-12
1501,2022-04-14
714,2022-06-09
286,2021-07-12
3096,2023-11-13
3244,2021-11-18
2787,2020-09-30
68,2022-11-15
23,2020-07-31
3149,2022-02-22
767,2021-02-05
1830,2021-03-28
2388,2023-05-03
86,2020-04-09
12,2020-10-08
2370,2021-06-13
1356,2023-02-08
4,2022-08-05
442,2020-08-23
3595,2023-01-21
369,2020-11-22
2971,2023-08-04
632,2023-05-01
327,2023-03-16
938,2020-07-16
1600,2022-05-18
1550,2020-03-13
407,2023-12-20
1308,2022-07-11
1863,2023-12-06
3567,2021-01-17
217,2022-10-09
1740,2020-09-19
3179,2021-01-13
2050,2021-01-28
2151,2020-04-20
292,2023-10-03
1946,2021-02-07
1719,2021-03-07
458,2021-11-21
2973,2020-03-03
1898,2022-12-11
3542,2021-05-11
2780,2023-01-24
700,2022-08-16
1887,2022-06-28
1130,2020-04-12
2467,2022-08-12
10,2021-07-09
2490,2022-01-11
2158,2021-12-21
1925,2021-06-07
1936,2020-03-19
2004,2021-02-12
3170,2020-07-23
2403,2023-11-17
2596,2023-06-04
1017,2022-10-08
3549,2023-08-13
730,2020-11-20
1609,2021-12-16
1861,2020-09-29
82,2023-10-08
2661,2023-08-02
188,2020-12-19
271,2023-08-16
3451,2022-06-28
2736,2021-10-04
3471,2023-11-11
2705,2022-01-29
433,2021-10-04
756,2020-05-08
3503,2023-05-18
623,2023-03-14
3510,2020-12-31
2870,2020-11-20
3591,2020-06-24
3585,2022-02-07
1065,2022-05-27
2283,2022-03-19
2074,2020-03-18
3028,2022-12-22
2045,2021-12-21
1874,2020-03-13
3358,2020-03-27
2620,2023-01-22
702,2023-10-14
3057,2023-06-05
3302,2024-01-28
1157,2021-03-23
3453,2021-06-18
3428,2022-02-12
2108,2023-06-20
376,2020-04-03
3553,2023-10-30
393,2023-09-19
1574,2023-03-19
1186,2023-09-01
1901,2020-10-08
1705,2020-06-26
709,2023-06-23
2470,2022-10-11
1318,2021-10-08
1734,2022-02-23
899,2022-02-03
1886,2024-01-31
100,2020-03-10
3486,2022-02-11
2422,2021-04-26
2139,2021-01-31
225,2020-03-11
2127,2020-08-21
869,2023-06-11
2250,2022-07-08
3195,2023-03-14
3259,2022-08-14
508,2023-01-03
1191,2022-10-25
1645,2021-01-17
2980,2020-04-18
698,2023-10-22
1708,2022-11-19
2692,2020-12-23
953,2022-12-02
554,2023-12-08
1177,2022-01-25
2171,2020-11-19
2594,2023-12-03
1306,2021-05-13
1862,2022-04-23
2047,2021-04-11
372,2020-10-24
2628,2021-03-16
532,2021-06-12
1878,2022-12-27
2935,2023-11-22
1820,2020-04-04
3480,2021-06-23
919,2022-06-08
2167,2023-09-08
2819,2022-06-04
3530,2021-02-22
2002,2021-08-27
1145,2020-04-29
3131,2022-07-03
1941,2021-09-24
2253,2022-03-08
2079,2022-05-28
127,2022-01-12
901,2022-07-29
2742,2022-07-26
1113,2022-06-17
3384,2021-11-28
3599,2020-04-14
3146,2021-08-26
2146,2022-08-26
2168,2020-09-01
280,2023-03-24
665,2023-10-09
1779,2023-11-07
557,2024-02-29
952,2020-05-20
2416,2020-07-14
287,2023-03-27
1852,2021-06-04
2339,2022-06-06
1124,2021-07-09
1376,2021-03-11
576,2021-12-01
464,2022-11-01
1676,2022-10-27
2642,2020-03-26
1300,2022-04-13
2511,2020-05-19
1273,2021-02-19
1797,2024-01-25
1452,2020-05-13
2685,2022-05-16
92,2021-03-29
2304,2020-12-05
2655,2023-09-08
218,2020-10-12
480,2022-10-26
1311,2023-05-28
148,2022-04-18
1360,2022-11-21
2909,2024-02-02
3181,2020-03-26
1418,2023-11-28
1973,2022-01-18
2174,2020-04-19
3292,2020-11-28
1953,2021-04-27
1478,2022-04-17
2471,2020-09-27
773,2023-08-27
926,2023-09-28
2350,2022-12-09
2869,2020-12-22
2133,2023-11-03
2722,2022-07-19
616,2023-08-26
3232,2023-01-24
3234,2021-10-17
1092,2020-03-08
459,2021-11-30
3522,2022-06-23
3301,2020-12-31
1584,2021-09-01
3233,2023-10-05
1517,2022-04-02
774,2023-10-16
3258,2022-10-25
1854,2023-09-24
2601,2021-06-21
1776,2023-06-22
1975,2020-05-18
1689,2022-09-17
1342,2023-01-24
741,2021-11-18
2926,2022-11-25
3493,2020-08-10
1237,2023-06-21
1413,2022-05-10
1711,2023-06-25
98,2021-04-12
1702,2023-02-06
2697,2021-01-19
1838,2023-05-20
1729,2023-06-11
1143,2023-01-24
2294,2020-05-21
2573,2022-10-26
3289,2024-02-22
2616,2022-12-29
3293,2022-01-02
1630,2021-08-08
1438,2020-08-07
512,2021-06-14
2723,2020-04-22
1625,2021-12-05
1842,2021-07-27
2300,2023-03-02
713,2022-12-17
2382,2022-08-08
426,2021-05-24
2254,2021-01-19
2028,2023-05-03
3394,2020-10-31
2058,2023-09-19
1780,2020-04-11
88,2020-11-16
2380,2024-01-10
1339,2021-08-11
315,2022-01-02
251,2021-01-17
3387,2020-10-09
2209,2020-12-31
3224,2020-11-26
560,2024-01-23
2111,2022-06-09
2704,2021-03-04
488,2022-10-01
2228,2022-03-11
762,2023-11-12
3264,2023-09-16
1477,2021-01-16
326,2022-06-08
167,2024-02-26
2085,2022-04-23
1554,2021-04-25
1699,2022-12-05
59,2020-08-29
1704,2022-08-11
1266,2023-03-21
2375,2023-08-13
2663,2020-12-06
2309,2021-06-14
2821,2022-12-23
2147,2022-04-14
31,2020-08-09
1027,2024-02-04
1083,2021-06-29
768,2023-08-21
1849,2021-06-03
449,2022-05-27
708,2020-09-05
1939,2020-07-06
2770,2022-07-20
1489,2024-01-09
2390,2020-10-18
268,2021-04-22
1340,2021-02-14
2033,2024-01-26
235,2023-12-15
1890,2020-12-15
3100,2020-07-07
1010,2022-03-11
2320,2023-09-21
206,2022-02-22
3308,2020-05-09
52,2023-10-01
2757,2022-12-21
2677,2022-09-26
2775,2023-09-18
1578,2021-04-09
3499,2020-08-07
2668,2021-06-14
2162,2020-12-28
1629,2022-06-08
2843,2022-10-17
3383,2021-03-28
